Rk,Player,Pos,Age,Tm,G,GS,MP,FG,FGA,FG%,3P,3PA,3P%,2P,2PA,2P%,FT,FTA,FT%,ORB,DRB,TRB,AST,STL,BLK,TOV,PF,PTS,Unnamed: 29,ORtg,DRtg
1,Precious Achiuwa,PF-C,24,TOT,70,18,1577,7.4,14.7,.503,0.8,3.1,.263,6.6,11.6,.566,2.2,3.6,.616,6.0,9.2,15.2,3.1,1.5,2.1,2.6,4.5,17.8,,115,114
2,Bam Adebayo,C,26,MIA,66,66,2257,11.2,21.4,.521,0.2,0.7,.355,10.9,20.7,.526,6.4,8.4,.755,3.4,12.4,15.7,5.9,1.7,1.4,3.4,3.3,28.9,,115,110
3,Ochai Agbaji,SG,23,TOT,73,24,1492,5.4,13.0,.415,2.0,6.5,.305,3.4,6.5,.525,0.9,1.4,.659,2.3,4.4,6.6,2.5,1.4,1.2,1.9,3.5,13.7,,103,123
4,Santi Aldama,PF,23,MEM,61,35,1618,7.6,17.4,.435,3.3,9.3,.349,4.3,8.1,.534,1.7,2.7,.621,2.2,8.6,10.8,4.2,1.3,1.7,2.1,2.7,20.1,,109,115
5,Nickeil Alexander-Walker,SG,25,MIN,77,20,1805,6.0,13.6,.438,3.4,8.6,.393,2.6,5.1,.514,1.3,1.6,.793,0.9,3.5,4.4,5.3,1.6,1.1,2.0,3.8,16.6,,116,112
6,Grayson Allen,SG,28,PHO,70,70,2351,6.6,13.2,.503,4.0,8.6,.470,2.6,4.6,.566,2.6,2.9,.878,0.9,4.7,5.7,4.6,1.3,0.9,1.9,3.1,19.8,,132,118
7,Jarrett Allen,C,25,CLE,73,73,2313,10.6,16.8,.629,0.0,0.1,.000,10.6,16.7,.633,4.9,6.5,.746,5.0,11.7,16.8,4.3,1.1,1.7,2.5,3.1,26.0,,132,112
8,Timmy Allen,SF,24,MEM,1,0,26,1.9,11.5,.167,0.0,5.7,.000,1.9,5.7,.333,0.0,0.0,,0.0,3.8,3.8,0.0,0.0,0.0,1.9,3.8,3.8,,32,123
9,Jose Alvarado,PG,25,NOP,51,0,908,6.9,16.8,.408,3.6,9.7,.371,3.3,7.1,.458,1.8,2.7,.680,1.2,5.1,6.3,5.8,3.0,0.8,2.1,4.3,19.1,,111,112
10,Kyle Anderson,PF,30,MIN,74,10,1688,5.7,12.1,.472,0.3,1.3,.250,5.4,10.8,.499,2.8,3.9,.718,1.8,6.1,7.9,9.5,1.9,1.2,2.6,3.5,14.5,,117,110
11,Giannis Antetokounmpo,PF,29,MIL,71,71,2500,15.9,26.0,.613,0.7,2.4,.276,15.3,23.6,.647,9.8,14.9,.657,3.7,12.2,15.9,9.0,1.7,1.5,4.7,4.0,42.3,,127,113
12,Thanasis Antetokounmpo,PF,31,MIL,29,0,136,4.6,9.3,.500,0.0,0.4,.000,4.6,8.9,.520,0.0,0.7,.000,2.1,2.1,4.3,5.0,1.8,1.4,4.3,8.2,9.3,,89,119
13,Cole Anthony,PG,23,ORL,76,0,1727,9.0,20.8,.433,2.6,7.7,.336,6.4,13.2,.489,5.0,6.1,.820,1.8,6.9,8.7,6.5,1.8,1.0,3.4,4.9,25.6,,111,112
14,OG Anunoby,SF,26,TOT,45,45,1527,8.3,16.9,.494,3.0,8.0,.373,5.4,8.9,.603,2.2,2.8,.767,1.4,4.9,6.2,3.2,1.9,1.0,2.3,3.4,21.8,,115,119
15,Ryan Arcidiacono,PG,29,NYK,20,0,45,0.0,6.8,.000,0.0,6.8,.000,0.0,0.0,,0.0,0.0,,0.0,9.1,9.1,4.6,2.3,0.0,2.3,5.7,0.0,,33,113
16,Deni Avdija,SF,23,WAS,71,71,2112,8.5,16.8,.508,1.8,4.8,.377,6.7,11.9,.561,4.1,5.5,.744,1.9,9.6,11.4,6.0,1.3,0.7,3.3,3.9,23.0,,113,120
17,Deandre Ayton,C,25,POR,51,51,1656,11.6,20.1,.576,0.0,0.1,.200,11.5,19.9,.579,1.9,2.3,.821,4.9,12.1,17.1,2.5,1.5,1.2,2.8,3.1,25.1,,116,115
18,Udoka Azubuike,C,24,PHO,16,0,113,7.0,10.0,.696,0.0,0.0,,7.0,10.0,.696,1.3,5.7,.231,4.8,9.1,13.9,1.3,0.4,2.6,1.7,7.4,15.2,,119,115
19,Ibou Badji,C,21,POR,21,1,216,3.0,4.6,.650,0.0,0.0,,3.0,4.6,.650,1.4,2.8,.500,4.6,7.1,11.7,3.0,0.5,4.6,3.2,10.1,7.4,,107,116
20,Marvin Bagley III,C,24,TOT,50,25,1053,10.9,18.6,.586,0.4,1.0,.391,10.5,17.5,.597,4.4,5.7,.762,5.9,8.3,14.2,2.5,0.9,1.5,2.7,3.7,26.5,,123,120
Rk,Player,Pos,Age,Tm,G,GS,MP,FG,FGA,FG%,3P,3PA,3P%,2P,2PA,2P%,FT,FTA,FT%,ORB,DRB,TRB,AST,STL,BLK,TOV,PF,PTS,,ORtg,DRtg
21,Amari Bailey,PG,19,CHO,8,0,31,4.8,19.2,.250,0.0,8.0,.000,4.8,11.2,.429,1.6,3.2,.500,3.2,0.0,3.2,3.2,1.6,0.0,1.6,0.0,11.2,,70,125
22,Patrick Baldwin Jr.,SF,21,WAS,34,4,348,4.8,15.1,.315,2.5,9.3,.265,2.3,5.9,.395,1.9,2.9,.667,1.9,10.0,11.9,2.7,1.5,1.5,2.2,5.7,13.9,,88,118
23,LaMelo Ball,PG,22,CHO,22,22,711,12.8,29.6,.433,4.9,13.8,.355,7.9,15.8,.500,6.3,7.3,.865,2.0,5.9,7.9,12.3,2.8,0.3,5.8,5.5,36.8,,110,118
24,Mo Bamba,C,25,PHI,53,16,703,6.7,13.3,.500,1.7,4.3,.400,5.0,9.1,.547,2.3,3.4,.667,5.2,10.6,15.9,2.8,1.6,3.9,2.8,6.7,17.3,,116,110
25,Paolo Banchero,PF,21,ORL,75,75,2618,11.5,25.0,.459,2.2,6.2,.346,9.3,18.8,.497,7.1,9.9,.718,1.5,8.2,9.7,7.6,1.3,0.9,4.5,2.7,32.2,,109,112
26,Desmond Bane,SG,25,MEM,42,42,1443,12.4,26.7,.464,4.7,12.4,.381,7.7,14.3,.536,4.8,5.5,.870,1.2,5.1,6.4,7.9,1.5,0.8,3.9,4.1,34.3,,114,118
27,Dalano Banton,PG,24,TOT,50,8,902,9.5,22.8,.415,2.9,8.6,.331,6.6,14.2,.467,4.2,5.5,.760,2.2,6.6,8.8,5.8,1.5,0.9,3.5,3.3,26.0,,106,117
28,Dominick Barlow,PF,20,SAS,33,1,420,6.4,12.9,.496,0.3,1.0,.333,6.1,11.9,.510,3.3,4.8,.690,5.1,7.8,12.9,4.1,1.4,1.6,1.0,5.4,16.5,,126,117
29,Harrison Barnes,PF,31,SAC,77,77,2238,7.2,15.0,.477,3.2,8.0,.395,4.0,7.0,.571,3.0,3.8,.797,1.3,3.6,5.0,1.9,1.1,0.2,1.2,2.0,20.5,,122,121
30,Scottie Barnes,SG,22,TOR,60,60,2094,10.5,22.1,.475,2.4,6.9,.341,8.1,15.1,.536,4.6,5.9,.781,3.3,8.3,11.6,8.5,1.8,2.1,3.9,2.8,27.9,,114,118
31,RJ Barrett,SG,23,TOT,55,55,1736,11.6,23.7,.490,2.6,6.9,.371,9.1,16.8,.539,5.6,7.8,.710,1.4,7.0,8.4,5.2,0.9,0.6,3.2,3.5,31.4,,114,120
32,Charles Bassey,C,23,SAS,19,0,205,6.8,9.4,.725,0.0,0.2,.000,6.8,9.1,.744,1.2,1.4,.833,5.4,12.4,17.8,4.9,1.9,4.0,3.5,7.3,14.8,,126,111
33,Emoni Bates,SF,20,CLE,13,0,102,5.9,18.3,.324,4.4,13.8,.321,1.5,4.4,.333,0.5,2.0,.250,0.5,4.9,5.4,3.5,0.5,1.0,1.0,2.5,16.8,,95,118
34,Keita Bates-Diop,SF,28,TOT,53,8,665,5.3,12.3,.434,1.6,5.1,.304,3.8,7.2,.526,2.4,3.1,.762,2.3,5.8,8.1,2.8,1.9,1.6,1.1,2.6,14.6,,117,115
35,Nicolas Batum,PF,35,TOT,56,36,1404,3.9,8.4,.466,2.5,6.0,.406,1.5,2.3,.621,0.5,0.7,.714,2.4,5.8,8.1,4.2,1.5,1.3,1.4,3.6,10.8,,129,117
36,Darius Bazley,PF,23,TOT,4,0,43,4.6,10.2,.444,1.1,3.4,.333,3.4,6.8,.500,3.4,5.7,.600,1.1,6.8,8.0,2.3,3.4,1.1,4.6,0.0,13.7,,85,116
37,Bradley Beal,SG,30,PHO,48,48,1583,10.1,20.2,.500,2.5,6.5,.392,7.6,13.8,.551,3.0,3.8,.793,1.4,4.9,6.3,7.6,1.5,0.6,3.7,3.6,25.8,,115,118
38,Malik Beasley,SG,27,MIL,74,74,2214,6.6,15.0,.443,4.7,11.3,.418,1.9,3.7,.518,0.5,0.8,.714,0.9,5.2,6.1,2.2,1.3,0.2,1.1,3.2,18.6,,118,120
39,MarJon Beauchamp,SF,23,MIL,46,1,593,6.1,12.9,.478,2.3,5.9,.389,3.8,7.0,.553,1.6,2.3,.679,1.8,6.1,7.9,2.5,1.0,0.5,2.2,4.3,16.1,,110,120
40,Jules Bernard,SG,24,WAS,16,0,113,8.8,21.0,.420,3.8,10.5,.360,5.0,10.5,.480,1.7,3.4,.500,2.9,3.8,6.7,5.5,0.8,0.4,1.7,4.6,23.1,,110,125
41,Dāvis Bertāns,PF,31,TOT,39,1,586,6.6,16.9,.390,5.5,14.5,.380,1.1,2.5,.448,2.5,2.7,.906,0.8,3.8,4.6,2.9,1.9,0.8,1.1,4.1,21.1,,118,120
42,Patrick Beverley,PG,35,TOT,69,9,1356,5.2,12.8,.406,2.0,6.2,.320,3.2,6.7,.486,2.6,3.1,.814,1.6,6.2,7.8,7.1,1.5,1.1,2.3,4.5,14.9,,114,117
43,Saddiq Bey,SF,24,ATL,63,51,2062,6.8,16.4,.416,2.7,8.4,.316,4.2,8.0,.522,4.0,4.8,.837,3.9,5.8,9.7,2.2,1.2,0.3,1.3,2.1,20.4,,122,123
44,Goga Bitadze,C,24,ORL,57,33,933,6.6,10.8,.611,0.1,0.7,.154,6.5,10.2,.642,2.9,4.4,.659,5.8,9.1,14.9,4.2,1.6,3.8,2.2,5.6,16.2,,130,107
45,Onuralp Bitim,SG,24,CHI,20,0,230,6.1,14.9,.412,2.4,7.9,.306,3.7,7.0,.531,0.7,0.9,.750,1.3,5.3,6.6,2.9,0.7,0.4,1.5,4.4,15.3,,104,121
46,Bismack Biyombo,C,31,TOT,38,27,761,4.5,8.1,.556,0.0,0.0,,4.5,8.1,.556,1.6,3.3,.480,3.9,8.9,12.8,3.5,0.7,2.3,2.7,5.7,10.6,,107,115
47,Anthony Black,PG,20,ORL,65,33,1134,4.9,10.6,.459,1.5,4.0,.385,3.3,6.6,.503,2.2,3.5,.613,1.5,4.6,6.1,4.0,1.5,0.9,2.3,4.7,13.5,,108,114
48,Leaky Black,SF,24,CHO,23,3,233,4.1,8.7,.463,1.5,3.2,.467,2.6,5.5,.462,1.9,3.0,.643,1.7,6.6,8.3,4.1,1.1,1.7,1.1,3.4,11.5,,122,120
49,Buddy Boeheim,SF,24,DET,7,0,66,5.9,18.4,.320,5.2,15.5,.333,0.7,2.9,.250,3.7,3.7,1.000,0.7,5.2,5.9,2.2,0.0,0.7,0.0,2.9,20.6,,116,124
50,Bogdan Bogdanović,SG,31,ATL,75,29,2279,9.6,22.3,.430,4.9,13.0,.377,4.7,9.4,.503,3.0,3.2,.914,1.1,4.5,5.6,5.0,2.0,0.5,2.2,3.7,27.1,,117,122
51,Bojan Bogdanović,PF-SF,34,TOT,52,27,1391,10.3,22.7,.453,4.4,11.2,.394,5.9,11.5,.511,4.0,5.1,.783,0.7,4.4,5.2,3.3,1.0,0.2,3.5,3.3,28.9,,108,122
52,Bol Bol,PF,24,PHO,39,0,445,9.8,15.9,.618,2.4,5.4,.449,7.4,10.5,.705,1.7,2.1,.789,3.4,11.0,14.5,1.9,1.0,2.8,1.9,4.5,23.8,,132,112
53,Marques Bolden,C,25,TOT,7,0,55,6.3,8.1,.778,0.0,0.0,,6.3,8.1,.778,0.9,1.8,.500,3.6,13.5,17.1,0.0,0.9,0.9,0.9,5.4,13.5,,143,117
54,Devin Booker,PG,27,PHO,63,63,2252,13.2,26.8,.494,3.1,8.4,.370,10.1,18.4,.551,8.1,9.1,.885,1.1,5.3,6.4,9.7,1.2,0.6,3.6,4.2,37.6,,124,118
55,Brandon Boston Jr.,SF,22,LAC,28,0,249,9.3,22.0,.422,2.0,7.1,.286,7.3,14.9,.486,3.4,5.0,.680,2.2,4.6,6.9,1.4,0.8,1.4,2.2,6.5,24.0,,100,120
56,Chris Boucher,PF,31,TOR,50,0,705,7.6,15.1,.507,2.2,6.5,.330,5.5,8.6,.642,4.9,6.4,.772,4.3,10.1,14.4,1.6,1.0,1.7,1.9,4.7,22.4,,124,119
57,James Bouknight,SG,23,CHO,14,0,81,11.0,25.2,.439,8.0,18.4,.433,3.1,6.7,.455,0.6,1.2,.500,0.6,4.9,5.5,3.7,0.6,0.6,1.2,1.8,30.7,,116,124
58,Jamaree Bouyea,PG,24,POR,6,0,57,4.4,18.3,.238,0.0,7.0,.000,4.4,11.3,.385,0.0,0.0,,1.7,7.0,8.7,7.0,0.0,0.0,7.0,2.6,8.7,,55,122
59,Malaki Branham,PG,20,SAS,72,26,1503,8.2,18.9,.432,2.7,7.9,.343,5.5,11.0,.497,1.7,1.9,.885,0.9,3.6,4.4,4.9,0.8,0.2,2.8,2.9,20.8,,102,123
60,Christian Braun,SG,22,DEN,78,3,1552,6.7,14.6,.454,1.8,4.9,.376,4.8,9.8,.493,2.8,4.1,.696,2.3,7.0,9.3,3.8,1.2,1.0,1.7,4.3,18.0,,116,116
61,Mikal Bridges,SF,27,BRK,78,78,2758,10.0,22.9,.438,3.8,10.3,.371,6.2,12.5,.493,4.6,5.7,.813,1.2,5.4,6.6,5.3,1.5,0.5,2.9,2.0,28.5,,112,119
62,Miles Bridges,SF,25,CHO,65,63,2461,10.8,23.4,.461,3.1,8.7,.351,7.7,14.7,.527,3.4,4.1,.820,1.4,8.4,9.8,4.4,1.3,0.6,2.7,2.3,28.1,,109,120
63,Oshae Brissett,SF,25,BOS,51,1,584,5.0,11.2,.450,1.3,4.4,.288,3.7,6.7,.557,4.1,6.4,.640,4.6,7.7,12.3,3.4,1.4,0.4,1.4,4.3,15.4,,126,113
64,Izaiah Brockington,PG,24,NOP,1,0,3,32.9,82.3,.400,0.0,16.5,.000,32.9,65.8,.500,0.0,0.0,,16.5,16.5,32.9,0.0,0.0,0.0,0.0,0.0,65.8,,93,113
65,Malcolm Brogdon,PG,31,POR,39,25,1121,9.7,22.0,.440,3.6,8.8,.412,6.0,13.2,.458,4.2,5.1,.819,1.2,5.3,6.6,9.5,1.2,0.4,2.7,2.6,27.2,,120,120
66,Armoni Brooks,PG,25,BRK,10,0,104,7.2,22.1,.326,5.3,15.4,.344,1.9,6.7,.286,0.5,1.0,.500,3.4,5.3,8.6,2.4,0.5,0.5,1.4,1.4,20.2,,99,121
67,Dillon Brooks,SF,28,HOU,68,68,2094,7.2,16.8,.426,2.9,8.2,.354,4.3,8.7,.495,2.7,3.2,.841,1.1,4.3,5.4,2.6,1.4,0.2,2.0,5.1,20.0,,109,117
68,Bruce Brown,SG-PG,27,TOT,63,44,1776,7.0,15.0,.469,1.4,4.3,.323,5.7,10.7,.528,3.0,3.6,.842,1.4,6.0,7.5,4.9,1.6,0.5,2.2,3.8,18.5,,113,121
69,Charlie Brown Jr.,SG,26,NYK,8,0,37,2.8,13.9,.200,2.8,9.7,.286,0.0,4.2,.000,0.0,0.0,,1.4,1.4,2.8,0.0,0.0,2.8,2.8,6.9,8.3,,61,120
70,Greg Brown III,PF,22,DAL,6,0,40,6.1,13.3,.455,1.2,3.6,.333,4.9,9.7,.500,4.9,10.9,.444,3.6,7.3,10.9,4.9,0.0,4.9,4.9,6.1,18.2,,96,115
71,Jaylen Brown,SF,27,BOS,67,67,2249,13.4,26.6,.501,3.1,8.7,.358,10.2,17.9,.571,4.6,6.5,.701,1.7,6.5,8.2,5.4,1.7,0.8,3.4,3.9,34.4,,115,113
72,Kendall Brown,SG,20,IND,13,0,50,5.7,10.5,.545,0.0,1.0,.000,5.7,9.5,.600,4.8,7.6,.625,2.9,1.0,3.8,3.8,0.0,0.0,1.0,7.6,16.2,,130,127
73,Kobe Brown,PF,24,LAC,40,0,308,4.6,10.9,.418,2.0,6.4,.308,2.6,4.6,.571,0.2,0.3,.500,2.0,6.2,8.1,2.8,1.0,0.5,1.1,6.8,11.2,,111,120
74,Moses Brown,C,24,POR,20,4,170,7.6,15.5,.491,0.0,0.0,,7.6,15.5,.491,1.8,7.3,.240,8.8,11.7,20.4,2.0,0.9,2.0,2.3,6.7,16.9,,102,115
75,Troy Brown Jr.,SF,24,TOT,55,11,732,5.4,13.8,.390,3.2,9.0,.353,2.2,4.9,.458,2.0,2.4,.857,1.6,7.2,8.7,3.6,1.2,0.1,1.9,2.6,16.0,,110,116
76,Jalen Brunson,PG,27,NYK,72,72,2537,14.6,30.6,.477,3.9,9.8,.395,10.7,20.8,.516,7.7,9.1,.842,0.8,4.4,5.2,9.7,1.4,0.3,3.6,2.7,40.7,,124,118
77,Thomas Bryant,C,26,MIA,37,4,418,9.4,16.8,.561,0.5,2.5,.190,8.9,14.2,.627,4.7,5.4,.867,4.5,11.4,15.8,2.7,1.2,1.8,2.3,5.4,24.0,,124,111
78,Kobe Bufkin,SG,20,ATL,13,0,145,8.1,21.1,.381,2.7,10.7,.250,5.4,10.4,.516,0.7,1.3,.500,1.0,6.7,7.7,7.7,2.0,1.3,2.0,4.0,19.5,,104,119
79,Reggie Bullock,SF,32,HOU,39,0,367,4.0,10.1,.395,3.2,8.3,.387,0.8,1.9,.429,0.1,0.1,1.000,0.8,8.0,8.8,1.7,1.3,0.4,1.2,2.9,11.3,,109,115
80,Alec Burks,SG,32,TOT,65,1,1200,8.6,23.2,.370,5.0,13.5,.375,3.5,9.7,.363,5.9,6.8,.867,1.0,5.1,6.1,3.4,1.1,0.5,1.9,3.1,28.1,,112,121
81,Jared Butler,SG,23,WAS,36,0,467,7.9,16.7,.476,2.0,7.0,.290,5.9,9.7,.611,2.7,3.0,.900,0.8,3.9,4.7,10.6,2.5,0.6,4.5,4.6,20.6,,109,121
82,Jimmy Butler,PF,34,MIA,55,55,1870,9.9,19.9,.495,1.5,3.6,.403,8.4,16.3,.516,9.9,11.5,.862,2.6,5.2,7.9,7.2,2.0,0.5,2.5,1.8,31.1,,129,114
83,Jamal Cain,PF,24,MIA,23,1,255,6.7,15.6,.430,2.2,6.1,.355,4.6,9.5,.479,3.6,4.6,.783,3.0,4.2,7.1,2.0,2.0,1.0,1.6,4.2,19.2,,112,114
84,Kentavious Caldwell-Pope,SG,30,DEN,72,72,2293,5.7,12.4,.456,2.7,6.5,.414,3.0,5.9,.504,2.2,2.5,.902,0.6,3.2,3.8,3.8,2.1,0.9,1.6,3.2,16.2,,120,117
85,Toumani Camara,PF,23,POR,70,49,1739,5.6,12.5,.450,1.7,4.9,.337,4.0,7.6,.523,2.1,2.8,.758,4.0,5.8,9.8,2.5,1.9,0.9,2.4,5.0,15.0,,110,118
86,Clint Capela,C,29,ATL,70,70,1800,9.1,16.0,.569,0.0,0.0,.000,9.1,16.0,.570,3.5,5.5,.634,8.8,11.4,20.2,2.3,1.1,2.8,1.9,4.4,21.7,,129,117
87,Jevon Carter,PG,28,CHI,68,0,924,6.9,18.1,.384,3.9,11.5,.338,3.1,6.6,.463,0.2,0.4,.571,0.5,2.5,3.0,4.3,1.8,0.8,1.9,3.7,18.0,,101,120
88,Wendell Carter Jr.,C,24,ORL,50,44,1310,7.9,14.9,.528,2.3,5.9,.385,5.6,9.0,.623,3.5,5.0,.689,3.9,9.9,13.8,3.4,1.2,1.0,2.5,4.1,21.5,,123,111
89,D.J. Carton,SG,23,TOR,4,0,36,4.1,10.9,.375,1.4,5.4,.250,2.7,5.4,.500,5.4,6.8,.800,2.7,2.7,5.4,4.1,1.4,0.0,1.4,4.1,15.0,,121,124
90,Alex Caruso,SG,29,CHI,68,54,1929,6.3,13.6,.465,3.4,8.4,.403,3.0,5.2,.565,1.8,2.4,.761,1.5,5.2,6.8,5.8,2.9,1.8,2.5,4.5,17.9,,119,114
91,Colin Castleton,C,23,LAL,13,0,53,6.4,10.9,.583,0.0,0.0,,6.4,10.9,.583,3.6,3.6,1.000,4.6,5.5,10.0,2.7,0.9,0.0,2.7,9.1,16.4,,124,120
92,Malcolm Cazalon,SG,22,DET,1,0,3,0.0,0.0,,0.0,0.0,,0.0,0.0,,0.0,0.0,,0.0,0.0,0.0,0.0,0.0,0.0,0.0,0.0,0.0,,,128
93,Julian Champagnie,SF,22,SAS,69,54,1312,5.3,13.1,.401,3.3,9.1,.364,1.9,4.0,.486,2.2,2.7,.813,1.4,5.3,6.7,3.3,1.6,1.5,1.8,2.6,16.1,,111,119
94,Justin Champagnie,SF,22,WAS,12,1,183,6.7,15.6,.433,3.4,9.9,.342,3.4,5.7,.591,2.9,3.6,.786,4.1,6.5,10.6,4.1,1.8,1.6,2.3,3.4,19.7,,117,120
95,Max Christie,SG,20,LAL,64,7,935,5.3,12.3,.427,2.2,6.0,.359,3.1,6.3,.492,1.8,2.3,.773,0.8,6.5,7.2,3.0,1.0,0.9,1.8,2.9,14.5,,105,119
96,Sidy Cissoko,SF,19,SAS,8,0,43,1.1,7.8,.143,0.0,5.6,.000,1.1,2.2,.500,4.5,4.5,1.000,0.0,7.8,7.8,0.0,3.3,0.0,2.2,4.5,6.7,,62,115
97,Brandon Clarke,PF,27,MEM,5,0,107,12.1,21.8,.553,0.5,2.3,.200,11.6,19.5,.595,0.5,3.2,.143,6.0,8.3,14.4,4.2,1.9,2.3,1.4,3.2,25.0,,115,113
98,Jordan Clarkson,SG,31,UTA,55,19,1682,9.8,23.6,.413,2.6,8.9,.294,7.1,14.7,.485,5.1,5.8,.881,1.4,4.0,5.4,8.0,1.0,0.2,4.2,2.3,27.3,,107,125
99,Nic Claxton,C,24,BRK,68,68,2027,8.7,13.8,.629,0.0,0.1,.200,8.7,13.7,.633,2.6,4.6,.559,4.6,12.1,16.6,3.4,1.1,3.4,2.1,4.1,20.0,,126,112
100,Noah Clowney,PF,19,BRK,19,0,228,7.2,13.1,.550,2.0,5.0,.391,5.3,8.1,.649,3.5,5.0,.696,4.2,7.9,12.0,2.6,1.1,1.8,2.0,3.9,19.9,,128,117
101,Amir Coffey,SF,26,LAC,65,11,1294,5.6,11.2,.497,2.4,5.8,.407,3.2,5.4,.593,2.1,2.4,.869,1.0,4.0,5.0,2.7,1.4,0.4,1.2,3.5,15.6,,126,121
102,John Collins,PF,26,UTA,68,66,1901,10.2,19.1,.532,2.2,5.9,.371,8.0,13.2,.605,3.8,4.7,.795,4.0,10.7,14.7,2.0,1.0,1.6,2.5,4.9,26.3,,121,120
103,Zach Collins,C,26,SAS,64,27,1429,9.2,19.0,.483,1.8,5.7,.312,7.4,13.3,.557,3.7,5.0,.736,3.6,7.7,11.3,6.1,1.1,1.5,4.1,6.6,23.9,,108,118
104,Mike Conley,PG,36,MIN,71,71,2051,6.6,14.5,.454,4.0,9.1,.437,2.6,5.5,.482,2.3,2.6,.906,0.8,4.1,4.8,10.4,2.0,0.4,2.2,2.9,19.5,,131,112
105,Pat Connaughton,SF,31,MIL,71,3,1571,4.4,10.0,.441,2.5,7.0,.354,1.9,3.0,.643,1.2,1.6,.755,1.5,5.6,7.1,4.7,1.2,0.6,1.4,2.8,12.5,,123,119
106,Bilal Coulibaly,SF,19,WAS,63,15,1715,5.2,12.0,.435,1.8,5.1,.346,3.4,6.8,.502,2.5,3.6,.702,1.5,5.5,7.1,3.0,1.6,1.3,2.4,3.8,14.7,,103,121
107,Ricky Council IV,SG,22,PHI,28,0,248,9.6,20.3,.475,2.0,5.8,.345,7.6,14.5,.528,10.1,13.7,.735,2.6,5.6,8.2,2.4,0.6,0.2,0.8,2.6,31.4,,129,120
108,Robert Covington,SF-PF,33,TOT,29,6,488,4.4,10.0,.439,1.9,5.7,.339,2.5,4.3,.571,2.2,2.7,.846,3.2,6.7,9.9,2.5,4.0,1.8,1.1,5.7,13.0,,126,110
109,Torrey Craig,SF,33,CHI,48,13,954,5.3,12.4,.432,3.0,7.7,.386,2.4,4.7,.506,1.3,1.7,.758,3.4,6.8,10.1,2.7,1.4,1.0,1.5,5.3,15.0,,119,118
110,Jae Crowder,PF,33,MIL,46,25,1063,4.9,11.2,.435,2.4,6.9,.351,2.5,4.3,.568,1.0,1.4,.710,1.2,5.6,6.8,2.8,1.7,0.4,0.9,3.2,13.2,,118,118
111,Jalen Crutcher,PG,24,NOP,1,0,3,0.0,16.5,.000,0.0,0.0,,0.0,16.5,.000,0.0,0.0,,0.0,0.0,0.0,0.0,0.0,0.0,0.0,0.0,0.0,,0,123
112,Cade Cunningham,PG,22,DET,62,62,2074,12.3,27.3,.449,2.8,7.8,.355,9.5,19.5,.487,5.6,6.4,.869,0.8,5.5,6.3,10.9,1.3,0.5,5.0,3.6,32.9,,109,121
113,Seth Curry,SG,33,TOT,44,4,616,6.3,16.2,.392,3.0,8.6,.352,3.3,7.6,.438,2.2,2.5,.903,1.4,4.0,5.4,3.5,1.7,0.5,1.7,3.1,17.9,,108,119
114,Stephen Curry,PG,35,GSW,71,71,2320,13.3,29.6,.448,7.2,17.9,.403,6.1,11.7,.516,6.2,6.8,.924,0.8,5.9,6.6,7.6,1.1,0.5,4.3,2.4,40.0,,120,120
115,Dyson Daniels,PG,20,NOP,56,16,1233,5.0,11.3,.445,1.5,4.9,.311,3.5,6.4,.547,1.3,2.0,.640,2.3,6.1,8.4,5.9,3.2,0.8,2.2,3.8,12.9,,113,111
116,Anthony Davis,C,30,LAL,73,73,2613,12.7,22.9,.555,0.5,1.8,.280,12.2,21.0,.579,7.5,9.1,.816,4.2,13.0,17.2,4.7,1.6,3.3,2.8,3.1,33.4,,124,110
117,Johnny Davis,SG,21,WAS,46,3,536,4.5,12.1,.372,0.8,3.0,.265,3.7,9.1,.408,0.9,1.5,.588,1.6,4.2,5.8,2.5,1.3,0.8,0.7,4.0,10.7,,95,123
118,JD Davison,SG,21,BOS,6,0,11,9.0,13.6,.667,9.0,13.6,.667,0.0,0.0,,9.0,9.0,1.000,4.5,9.0,13.6,4.5,0.0,0.0,0.0,4.5,36.2,,212,116
119,Dexter Dennis,SG,24,DAL,4,0,30,16.2,30.7,.526,1.6,12.9,.125,14.6,17.8,.818,1.6,4.9,.333,1.6,12.9,14.6,6.5,0.0,1.6,4.9,1.6,35.6,,101,116
120,DeMar DeRozan,SF,34,CHI,75,75,2826,10.7,22.6,.474,1.2,3.8,.321,9.5,18.8,.505,8.8,10.3,.858,0.7,5.0,5.8,7.1,1.5,0.8,2.2,2.8,31.5,,123,119
121,Moussa Diabaté,C,22,LAC,11,0,64,7.8,14.9,.526,0.0,0.0,,7.8,14.9,.526,7.1,11.0,.643,11.8,7.1,18.8,3.1,3.9,0.8,1.6,3.1,22.7,,137,112
122,Mamadi Diakite,PF,27,TOT,6,0,24,8.2,12.3,.667,0.0,2.0,.000,8.2,10.2,.800,8.2,12.3,.667,2.0,6.1,8.2,4.1,2.0,2.0,2.0,4.1,24.5,,133,115
123,Hamidou Diallo,SG,25,WAS,2,0,5,9.5,19.0,.500,0.0,0.0,,9.5,19.0,.500,0.0,0.0,,19.0,0.0,19.0,9.5,19.0,0.0,9.5,9.5,19.0,,106,87
124,Gradey Dick,SG,20,TOR,56,14,1150,7.1,16.9,.422,3.2,9.0,.358,3.9,7.8,.495,1.7,2.0,.872,1.1,4.1,5.2,2.9,1.4,0.1,2.0,3.5,19.2,,106,123
125,Ousmane Dieng,PF,20,OKC,31,0,342,6.1,14.8,.413,2.9,9.6,.299,3.3,5.3,.622,2.0,2.3,.875,1.4,5.7,7.1,4.7,0.7,0.4,2.4,2.9,17.1,,109,119
126,Spencer Dinwiddie,PG,30,TOT,72,51,2061,5.8,14.9,.388,2.8,8.5,.330,3.0,6.4,.466,3.7,4.7,.792,0.7,4.0,4.7,8.3,1.2,0.5,2.1,3.2,18.1,,117,120
127,Donte DiVincenzo,SG,27,NYK,76,58,2148,9.7,22.1,.439,6.3,15.7,.399,3.5,6.5,.535,1.9,2.6,.741,1.4,5.1,6.5,4.7,2.4,0.8,2.5,3.8,27.6,,121,115
128,Luka Dončić,PG,24,DAL,67,67,2508,14.9,30.6,.486,5.2,13.6,.382,9.7,17.0,.570,8.8,11.3,.783,1.0,10.9,11.9,12.7,1.9,0.7,5.2,2.7,43.8,,122,114
129,Luguentz Dort,SF,24,OKC,75,75,2142,6.2,14.2,.438,3.3,8.5,.390,2.9,5.7,.510,2.8,3.3,.830,1.7,4.6,6.3,2.4,1.5,1.0,1.6,5.1,18.5,,117,117
130,Ayo Dosunmu,SG,24,CHI,75,36,2177,8.2,16.5,.500,2.7,6.8,.397,5.6,9.7,.571,1.9,2.3,.812,1.2,3.7,4.9,5.5,1.5,0.8,2.3,3.8,21.1,,119,120
131,Jeff Dowtin,PG,26,PHI,8,0,100,7.5,12.5,.600,4.5,8.5,.529,3.0,4.0,.750,1.5,1.5,1.000,1.5,6.5,8.0,9.5,2.0,0.5,2.5,0.5,20.9,,149,116
132,Henri Drell,SF,23,CHI,1,0,3,16.8,33.6,.500,0.0,16.8,.000,16.8,16.8,1.000,0.0,0.0,,16.8,0.0,16.8,33.6,0.0,0.0,0.0,0.0,33.6,,150,127
133,Andre Drummond,C,30,CHI,77,10,1322,9.8,17.9,.550,0.0,0.1,.000,9.8,17.8,.554,4.9,8.3,.592,9.9,16.6,26.5,1.4,2.7,1.8,3.1,5.3,24.6,,119,108
134,Chris Duarte,SF,26,SAC,56,11,703,5.5,14.1,.389,3.0,8.4,.355,2.5,5.7,.439,1.8,2.3,.788,1.8,5.4,7.2,2.9,2.0,0.6,1.7,5.2,15.8,,108,117
135,Kris Dunn,PG,29,UTA,66,32,1249,5.7,12.2,.470,1.6,4.3,.369,4.1,7.9,.525,0.9,1.2,.688,1.9,5.4,7.4,9.9,2.7,1.1,3.1,5.3,13.9,,117,120
136,Kevin Durant,PF,35,PHO,70,70,2596,13.4,25.3,.530,3.0,7.1,.419,10.4,18.2,.573,6.6,7.7,.855,0.7,8.2,8.9,6.9,1.2,1.7,4.4,2.4,36.4,,119,115
137,Jalen Duren,C,20,DET,59,58,1719,9.5,15.3,.621,0.0,0.1,.000,9.5,15.2,.625,3.7,4.7,.786,5.4,14.0,19.4,4.0,0.9,1.3,3.5,5.3,22.8,,123,117
138,Tari Eason,PF,22,HOU,22,0,480,9.0,19.3,.466,1.8,5.1,.360,7.1,14.2,.504,2.1,3.4,.636,4.7,10.9,15.6,2.8,3.2,1.9,2.0,5.2,21.9,,112,107
139,Anthony Edwards,SG,22,MIN,74,73,2601,13.0,28.4,.459,3.5,9.6,.359,9.6,18.8,.510,7.5,9.0,.829,1.0,7.0,7.9,7.3,1.9,0.8,4.4,2.5,37.0,,112,110
140,Kessler Edwards,SF,23,SAC,51,0,258,6.1,15.0,.405,3.6,9.7,.373,2.5,5.3,.464,0.8,1.5,.500,1.7,6.1,7.8,2.5,1.7,0.8,0.6,4.7,16.5,,115,117
141,Keon Ellis,SG,24,SAC,52,16,843,4.8,10.6,.454,3.1,7.7,.409,1.7,3.0,.569,1.3,1.9,.719,1.6,4.7,6.3,4.4,2.6,1.4,1.7,5.7,14.1,,124,115
142,Joel Embiid,C,29,PHI,37,37,1242,17.2,32.3,.531,1.8,4.9,.374,15.3,27.4,.559,15.3,17.4,.882,3.7,12.6,16.3,8.2,1.7,2.5,5.7,4.3,51.5,,125,111
143,Drew Eubanks,C,26,PHO,71,5,1114,6.5,10.5,.619,0.1,0.1,1.000,6.4,10.4,.614,3.2,4.1,.774,4.2,9.1,13.3,2.6,1.1,2.6,2.6,4.8,16.4,,125,113
144,Tosan Evbuomwan,SF,22,TOT,17,8,367,4.8,9.4,.507,1.6,4.3,.375,3.2,5.2,.615,2.3,3.3,.680,2.4,5.6,8.0,2.1,0.8,0.7,1.2,3.1,13.4,,124,122
145,Dante Exum,PG,28,DAL,51,16,1003,7.4,13.7,.544,2.4,4.8,.500,5.0,8.9,.568,2.5,3.2,.773,1.1,5.3,6.3,7.2,1.1,0.2,2.1,3.8,19.8,,131,120
146,Bruno Fernando,C,25,ATL,41,1,593,7.8,13.5,.576,0.0,0.3,.000,7.8,13.2,.590,4.0,6.2,.653,4.8,9.7,14.4,3.5,2.1,2.3,3.2,7.6,19.6,,118,116
147,Dorian Finney-Smith,PF,30,BRK,68,56,1934,5.6,13.2,.421,3.0,8.7,.348,2.5,4.5,.560,0.9,1.2,.717,2.8,5.4,8.2,2.8,1.4,1.0,1.5,3.9,15.0,,114,118
148,Adam Flagler,SG,24,OKC,1,0,6,0.0,24.4,.000,0.0,24.4,.000,0.0,0.0,,0.0,0.0,,0.0,0.0,0.0,8.1,0.0,0.0,0.0,0.0,0.0,,24,125
149,Malachi Flynn,PG,25,TOT,65,0,804,7.3,17.7,.414,3.2,9.6,.338,4.1,8.1,.504,3.0,4.0,.742,1.2,5.5,6.8,7.1,2.0,0.5,3.5,3.8,20.9,,107,120
150,Simone Fontecchio,SF,28,TOT,66,43,1644,7.5,16.2,.460,4.0,9.9,.401,3.5,6.3,.551,1.6,2.0,.818,1.9,5.4,7.3,3.0,1.3,0.7,2.0,3.3,20.5,,117,123
151,Jordan Ford,PG,25,SAC,6,0,22,8.9,15.6,.571,4.5,6.7,.667,4.5,8.9,.500,4.5,4.5,1.000,0.0,4.5,4.5,4.5,0.0,0.0,2.2,0.0,26.7,,139,123
152,Trent Forrest,SG,25,ATL,36,0,388,3.9,10.7,.365,0.3,1.3,.200,3.6,9.4,.387,1.6,2.0,.813,1.3,4.5,5.8,10.7,1.3,0.4,2.3,3.1,9.7,,110,124
153,Evan Fournier,SG,31,TOT,28,0,482,6.2,18.3,.337,2.9,11.3,.259,3.2,7.0,.464,2.4,2.9,.828,0.4,4.6,5.0,4.3,2.7,0.4,1.8,4.1,17.7,,97,119
154,De'Aaron Fox,PG,26,SAC,69,69,2475,13.3,28.6,.464,3.9,10.6,.367,9.4,18.0,.520,5.9,8.0,.737,1.3,4.9,6.2,7.8,2.7,0.6,3.6,3.6,36.3,,114,116
155,Javon Freeman-Liberty,PG,24,TOR,17,4,289,6.8,15.3,.444,1.0,4.9,.207,5.8,10.3,.557,3.9,4.4,.885,1.7,7.1,8.8,4.9,1.4,0.3,3.2,3.7,18.5,,105,121
156,Alex Fudge,SF,20,LAL,4,0,14,3.4,20.7,.167,0.0,6.9,.000,3.4,13.8,.250,6.9,6.9,1.000,6.9,0.0,6.9,0.0,0.0,0.0,3.4,3.4,13.8,,73,126
157,Markelle Fultz,PG,25,ORL,38,16,813,8.1,17.5,.462,0.2,0.9,.200,7.9,16.6,.476,1.3,1.9,.677,3.1,4.4,7.5,6.8,2.4,0.7,2.8,3.6,17.7,,105,112
158,Andrew Funk,SG,24,CHI,2,0,3,0.0,16.8,.000,0.0,0.0,,0.0,16.8,.000,0.0,0.0,,0.0,0.0,0.0,0.0,0.0,0.0,0.0,0.0,0.0,,0,127
159,Wenyen Gabriel,PF,26,MEM,5,0,81,4.9,13.5,.364,0.6,3.7,.167,4.3,9.8,.438,0.0,3.1,.000,4.3,11.0,15.3,1.8,1.2,1.2,4.9,6.1,10.4,,68,114
160,Daniel Gafford,C-PF,25,TOT,70,62,1736,8.9,12.5,.712,0.0,0.0,,8.9,12.5,.712,3.2,4.7,.682,5.3,9.7,15.1,3.0,1.7,4.0,1.9,6.0,21.0,,140,114
161,Danilo Gallinari,PF-SF,35,TOT,48,0,611,6.3,14.3,.440,2.3,7.1,.330,3.9,7.1,.549,6.2,7.3,.849,1.5,6.7,8.1,4.3,1.0,0.5,1.6,3.8,21.1,,125,122
162,Darius Garland,PG,24,CLE,54,54,1801,9.9,22.2,.445,3.4,9.3,.365,6.5,12.9,.503,3.9,4.6,.836,0.8,3.1,3.9,9.8,1.9,0.2,4.6,2.6,27.0,,109,117
163,Usman Garuba,PF,21,GSW,3,0,8,0.0,6.2,.000,0.0,0.0,,0.0,6.2,.000,0.0,0.0,,6.2,0.0,6.2,6.2,6.2,0.0,0.0,12.4,0.0,,104,112
164,Luka Garza,C,25,MIN,22,0,113,14.6,31.5,.465,4.0,13.8,.290,10.7,17.8,.600,6.7,9.8,.682,6.7,5.3,12.0,1.8,1.3,0.4,2.2,9.3,39.9,,114,112
165,Kaiser Gates,SF,27,NOP,1,0,7,0.0,28.2,.000,0.0,14.1,.000,0.0,14.1,.000,0.0,0.0,,0.0,7.1,7.1,0.0,0.0,0.0,0.0,0.0,0.0,,0,119
166,Keyonte George,PG,20,UTA,70,39,1877,7.4,19.4,.384,3.4,10.4,.329,4.0,9.0,.447,4.6,5.4,.852,0.4,4.8,5.2,8.2,0.9,0.2,4.4,2.2,22.9,,105,125
167,Paul George,PF,33,LAC,71,71,2410,11.7,24.8,.471,4.9,11.9,.412,6.8,12.9,.527,5.0,5.6,.899,0.7,7.0,7.7,5.2,2.3,0.7,2.9,4.1,33.3,,120,116
168,Taj Gibson,PF,38,TOT,18,1,185,2.8,7.7,.357,0.6,2.8,.200,2.2,5.0,.444,0.6,0.6,1.000,2.8,5.5,8.3,2.5,0.8,1.7,1.4,8.3,6.6,,100,117
169,Josh Giddey,SG,21,OKC,76,76,1905,9.8,20.6,.476,2.0,5.9,.342,7.8,14.7,.530,2.3,2.9,.795,2.7,9.5,12.3,9.1,1.2,1.1,3.9,2.6,23.9,,112,114
170,Harry Giles,C,25,TOT,22,0,98,11.7,25.3,.460,1.5,7.1,.214,10.1,18.2,.556,3.5,6.6,.538,6.1,8.1,14.2,3.0,1.0,1.5,3.0,7.6,28.4,,103,117
171,Shai Gilgeous-Alexander,PG,25,OKC,71,71,2444,15.2,28.3,.539,1.8,5.0,.365,13.4,23.2,.576,10.6,12.2,.872,1.2,6.6,7.9,8.9,3.0,1.3,3.1,3.6,42.9,,130,112
172,Anthony Gill,PF,31,WAS,47,1,397,7.5,15.9,.474,1.0,3.8,.250,6.6,12.1,.545,2.9,3.7,.774,3.9,5.6,9.6,3.2,1.4,1.0,2.7,5.0,18.9,,107,122
173,Collin Gillespie,PG,24,DEN,24,0,225,7.2,15.5,.464,3.4,8.6,.395,3.8,7.0,.548,1.8,2.7,.667,0.2,4.5,4.7,6.1,2.9,0.0,3.2,5.4,19.6,,110,115
174,Jacob Gilyard,PG,25,TOT,39,14,669,4.5,10.8,.411,3.8,9.1,.418,0.7,1.8,.375,0.1,0.1,1.000,0.6,2.6,3.2,9.9,2.1,0.4,2.2,2.7,12.8,,124,119
175,Rudy Gobert,C,31,MIN,71,71,2410,7.7,11.8,.652,0.0,0.1,.000,7.7,11.7,.655,4.7,7.4,.636,5.4,13.5,18.9,1.9,0.9,3.1,2.3,4.6,20.1,,130,105
176,Jordan Goodwin,PG,25,TOT,54,9,945,6.6,17.3,.381,2.0,6.6,.299,4.6,10.7,.431,1.9,2.6,.755,3.7,7.3,10.9,7.5,2.1,0.9,2.7,3.7,17.1,,107,115
177,Aaron Gordon,PF,28,DEN,70,70,2214,8.8,15.9,.554,0.9,3.1,.291,7.9,12.9,.616,3.9,5.9,.653,3.8,6.6,10.5,5.5,1.2,1.0,2.3,3.2,22.4,,125,117
178,Eric Gordon,SG,35,PHO,64,24,1805,7.2,16.0,.447,3.9,10.2,.384,3.2,5.8,.556,1.4,1.7,.794,0.4,2.9,3.3,3.6,1.6,0.8,1.9,2.2,19.6,,113,119
179,Devonte' Graham,PG,28,SAS,18,0,186,6.5,16.8,.385,4.1,12.9,.320,2.3,3.9,.600,2.8,3.4,.846,0.8,5.7,6.5,8.0,2.3,0.3,1.5,2.8,19.9,,119,118
180,Jerami Grant,PF,29,POR,54,54,1830,10.4,23.1,.451,3.0,7.5,.402,7.4,15.6,.474,6.9,8.5,.817,1.0,4.2,5.2,4.1,1.2,0.9,3.1,3.2,30.7,,113,120
181,A.J. Green,SG,24,MIL,53,0,567,6.9,16.0,.428,5.7,13.9,.414,1.1,2.1,.520,1.3,1.5,.882,0.8,4.6,5.4,2.6,0.6,0.3,0.9,4.0,20.7,,124,121
182,Danny Green,SG,36,PHI,2,0,18,0.0,5.5,.000,0.0,2.8,.000,0.0,2.8,.000,0.0,0.0,,0.0,5.5,5.5,2.8,2.8,0.0,0.0,2.8,0.0,,33,116
183,Draymond Green,PF,33,GSW,52,49,1401,6.3,12.7,.496,1.6,4.2,.375,4.7,8.5,.556,1.9,2.5,.750,2.6,10.7,13.3,10.9,1.8,1.6,4.5,5.6,16.1,,116,114
184,Jalen Green,SG,21,HOU,77,77,2451,10.7,25.2,.425,3.8,11.3,.333,6.9,13.9,.499,5.5,6.8,.804,0.8,7.1,7.9,5.5,1.3,0.5,3.5,2.1,30.6,,108,116
185,Javonte Green,SF,30,CHI,4,0,84,9.6,15.0,.640,2.4,4.2,.571,7.2,10.8,.667,2.4,2.4,1.000,4.8,9.6,14.4,1.8,2.4,1.8,2.4,2.4,24.0,,137,113
186,Jeff Green,PF,37,HOU,73,6,1222,6.1,13.3,.462,1.9,5.6,.338,4.3,7.7,.552,4.7,5.7,.811,1.7,4.9,6.6,2.5,0.5,1.2,1.8,3.8,18.8,,120,118
187,Josh Green,SG,23,DAL,54,32,1436,5.9,12.0,.493,2.4,6.0,.401,3.5,6.0,.584,1.3,1.9,.673,1.3,4.6,5.9,4.2,1.5,0.3,1.9,3.5,15.5,,118,119
188,AJ Griffin,SF,20,ATL,18,0,132,4.8,16.6,.289,3.3,12.2,.273,1.5,4.4,.333,0.7,0.7,1.000,0.7,4.4,5.2,1.5,0.4,0.4,2.2,2.2,13.6,,83,126
189,Quentin Grimes,SG,23,TOT,51,18,1025,6.1,16.3,.372,4.0,11.9,.338,2.0,4.4,.466,1.7,2.2,.756,0.7,4.2,5.0,3.3,1.7,0.3,1.4,3.7,17.8,,111,118
190,Mouhamadou Gueye,PF,25,TOR,10,0,97,5.1,15.7,.323,0.0,1.5,.000,5.1,14.2,.357,1.5,4.0,.375,5.6,4.0,9.6,2.0,1.0,7.6,6.1,5.6,11.6,,68,116
191,Mouhamed Gueye,PF,21,ATL,3,0,8,0.0,24.3,.000,0.0,18.2,.000,0.0,6.1,.000,0.0,0.0,,6.1,0.0,6.1,0.0,6.1,0.0,6.1,6.1,0.0,,17,116
192,Rui Hachimura,PF,25,LAL,64,35,1695,9.5,17.7,.539,2.5,6.1,.418,7.0,11.6,.601,2.5,3.5,.718,1.5,6.1,7.5,2.1,1.1,0.7,1.3,2.7,24.2,,121,119
193,Ashton Hagans,PG,24,POR,18,1,302,4.4,11.0,.403,1.2,3.6,.318,3.3,7.4,.444,2.3,2.8,.824,2.1,4.9,7.1,8.2,1.6,1.5,4.8,6.4,12.3,,98,118
194,Tyrese Haliburton,PG,23,IND,65,64,2099,10.8,22.7,.475,4.2,11.5,.368,6.6,11.2,.586,4.1,4.7,.861,0.8,5.0,5.8,16.2,1.7,1.0,3.3,1.5,29.9,,129,120
195,R.J. Hampton,PG,22,MIA,8,2,76,2.7,9.3,.286,0.7,5.3,.125,2.0,4.0,.500,0.7,1.3,.500,1.3,2.7,4.0,5.3,0.0,0.0,2.0,5.3,6.6,,85,121
196,Tim Hardaway Jr.,SF,31,DAL,74,10,2026,9.1,22.4,.403,4.9,13.7,.357,4.2,8.8,.475,3.4,4.0,.856,0.5,5.3,5.8,3.2,0.9,0.1,1.6,2.4,26.4,,111,120
197,James Harden,PG,34,LAC,70,70,2433,7.1,16.6,.428,3.8,9.9,.381,3.4,6.8,.495,6.1,6.9,.878,0.7,6.8,7.5,12.5,1.6,1.2,3.8,2.6,24.1,,126,117
198,Jaden Hardy,SG,21,DAL,68,6,910,9.6,23.7,.408,4.2,11.4,.364,5.5,12.3,.448,2.6,3.4,.766,0.9,5.3,6.2,5.4,1.0,0.2,2.7,3.8,26.1,,105,120
199,Ron Harper Jr.,PF,23,TOR,1,0,4,0.0,0.0,,0.0,0.0,,0.0,0.0,,0.0,0.0,,0.0,0.0,0.0,12.3,0.0,0.0,0.0,24.5,0.0,,227,128
200,Gary Harris,SG,29,ORL,50,23,1174,5.4,11.9,.454,3.1,8.2,.373,2.3,3.7,.632,1.4,1.9,.756,1.0,2.6,3.6,3.5,1.8,0.6,1.2,3.6,15.3,,122,115
201,Joe Harris,SG,32,DET,16,0,170,4.0,11.1,.359,2.9,8.6,.333,1.1,2.6,.444,0.3,0.6,.500,0.9,2.9,3.7,2.9,0.9,0.6,1.1,5.4,11.1,,103,124
202,Kevon Harris,SG,26,ORL,2,0,6,16.6,24.9,.667,0.0,0.0,,16.6,24.9,.667,0.0,0.0,,0.0,16.6,16.6,8.3,0.0,0.0,8.3,24.9,33.2,,101,111
203,Tobias Harris,PF,31,PHI,67,67,2272,9.7,20.0,.486,1.9,5.4,.351,7.8,14.6,.537,3.9,4.5,.877,1.6,7.8,9.4,4.6,1.5,0.9,2.0,2.5,25.3,,118,116
204,Shaquille Harrison,SG,30,MEM,3,0,6,8.3,16.5,.500,0.0,0.0,,8.3,16.5,.500,0.0,0.0,,0.0,16.5,16.5,0.0,0.0,8.3,0.0,0.0,16.5,,100,105
205,Josh Hart,SF,28,NYK,76,37,2511,5.5,12.8,.426,1.5,5.0,.305,3.9,7.8,.504,1.7,2.2,.774,2.4,10.2,12.7,6.2,1.4,0.4,2.3,3.2,14.2,,115,114
206,Isaiah Hartenstein,C,25,NYK,71,45,1775,6.2,9.7,.637,0.0,0.1,.333,6.2,9.6,.640,3.0,4.2,.724,6.6,10.4,16.9,4.9,2.4,2.3,2.4,5.8,15.4,,137,110
207,Sam Hauser,SF,26,BOS,74,11,1598,7.0,15.5,.451,5.7,13.3,.427,1.3,2.3,.589,0.5,0.5,.882,1.3,6.7,8.0,2.2,1.1,0.7,1.0,3.0,20.1,,128,114
208,Jordan Hawkins,SG,21,NOP,66,10,1158,7.4,19.4,.383,4.6,12.7,.367,2.8,6.7,.414,2.9,3.4,.838,1.2,5.1,6.3,3.0,0.8,0.3,1.7,3.1,22.3,,110,118
209,Jaxson Hayes,C,23,LAL,66,4,799,6.8,9.5,.709,0.0,0.5,.000,6.8,9.1,.747,2.8,4.5,.627,3.9,7.6,11.5,1.9,1.7,1.6,2.3,6.9,16.4,,129,115
210,Killian Hayes,PG,22,DET,42,31,1008,5.6,13.6,.413,1.1,3.6,.297,4.6,10.1,.455,1.6,2.4,.660,0.5,5.2,5.7,9.9,1.7,1.0,2.5,3.6,13.9,,107,120
211,Gordon Hayward,SF,33,TOT,48,27,1178,7.3,16.1,.452,1.5,3.6,.407,5.8,12.5,.465,3.5,4.6,.755,1.5,5.6,7.1,6.5,1.6,0.5,2.5,2.7,19.5,,111,120
212,Scoot Henderson,PG,19,POR,58,28,1615,8.6,22.2,.387,2.3,7.3,.314,6.3,15.0,.423,4.7,5.8,.813,1.5,4.1,5.6,9.0,1.3,0.4,5.8,5.7,24.2,,97,121
213,Taylor Hendricks,PF,20,UTA,35,18,726,6.2,14.1,.443,3.0,8.2,.366,3.2,5.8,.552,1.3,1.7,.800,2.7,8.0,10.7,1.5,1.4,1.7,1.5,4.8,16.8,,115,120
214,Tyler Herro,SG,24,MIA,37,36,1234,11.9,27.1,.438,4.8,12.1,.397,7.0,14.9,.471,2.8,3.4,.819,0.7,7.3,8.0,6.7,1.2,0.1,3.1,2.1,31.3,,107,115
215,Buddy Hield,SF-SG,31,TOT,80,42,2079,8.2,18.9,.436,4.8,12.6,.381,3.4,6.3,.546,1.1,1.2,.885,1.3,4.6,5.8,5.3,1.6,1.0,2.3,3.8,22.4,,115,120
216,Haywood Highsmith,PF,27,MIA,61,26,1236,5.8,12.5,.462,2.9,7.2,.401,2.9,5.2,.547,0.9,1.3,.697,2.3,5.2,7.6,2.6,2.1,1.1,1.2,4.3,15.4,,119,113
217,Nate Hinton,SG,24,HOU,12,0,59,8.3,18.3,.455,5.8,10.0,.583,2.5,8.3,.300,3.3,4.2,.800,4.2,8.3,12.5,5.0,1.7,1.7,2.5,8.3,25.7,,129,112
218,D'Moi Hodge,SG,25,LAL,7,0,41,5.9,17.7,.333,3.5,14.1,.250,2.4,3.5,.667,1.2,2.4,.500,0.0,0.0,0.0,5.9,1.2,1.2,1.2,4.7,16.5,,98,122
219,Aaron Holiday,PG,27,HOU,74,1,1201,7.0,15.9,.442,3.3,8.3,.392,3.8,7.5,.497,2.2,2.4,.915,0.9,3.9,4.8,5.5,1.6,0.2,2.0,4.7,19.5,,118,117
220,Jrue Holiday,PG,33,BOS,66,66,2182,7.2,15.1,.481,3.0,7.0,.430,4.2,8.0,.526,1.4,1.6,.833,1.8,6.4,8.2,7.4,1.3,1.1,2.7,2.4,18.9,,122,113
221,Justin Holiday,SG,34,DEN,54,9,801,5.1,11.1,.460,3.1,7.6,.408,2.0,3.5,.571,0.2,0.3,.750,0.6,3.7,4.2,3.9,2.1,0.6,0.8,4.1,13.5,,126,117
222,Richaun Holmes,C-PF,30,TOT,40,10,555,7.1,12.7,.558,0.1,0.3,.333,7.0,12.4,.563,2.9,4.1,.723,6.1,9.6,15.7,2.2,0.9,1.6,2.1,6.4,17.2,,123,118
223,Chet Holmgren,C,21,OKC,77,77,2296,10.1,19.2,.527,2.6,7.0,.369,7.5,12.2,.619,4.3,5.4,.797,2.5,10.4,12.9,4.1,1.0,3.8,2.6,4.0,27.2,,122,111
224,Jalen Hood-Schifino,SG,20,LAL,21,0,109,4.4,19.9,.222,0.9,6.6,.133,3.5,13.3,.267,5.3,8.9,.600,0.9,4.9,5.8,3.5,1.3,0.9,4.0,5.8,15.1,,67,119
225,Al Horford,C,37,BOS,63,32,1703,6.1,12.0,.510,3.1,7.3,.418,3.0,4.6,.654,0.8,0.9,.867,2.4,9.5,11.8,4.8,1.1,1.8,1.3,2.7,16.0,,135,111
226,Talen Horton-Tucker,PG,23,UTA,48,11,919,8.7,22.1,.393,2.9,8.6,.331,5.8,13.5,.433,4.3,5.5,.796,1.1,4.9,5.9,8.8,2.3,0.8,3.1,4.5,24.6,,110,121
227,Danuel House Jr.,SF,30,PHI,34,4,509,4.6,10.3,.448,1.5,4.9,.300,3.1,5.4,.582,3.4,4.5,.761,1.6,4.1,5.7,2.7,1.5,0.5,1.9,4.4,14.1,,115,119
228,Caleb Houstan,SF,21,ORL,56,12,791,5.0,12.6,.395,4.5,11.8,.380,0.5,0.8,.615,1.2,1.5,.792,1.8,3.4,5.2,1.8,0.8,0.2,1.0,3.8,15.6,,121,117
229,Jett Howard,SF,20,ORL,14,0,52,7.7,22.1,.348,4.8,17.3,.278,2.9,4.8,.600,1.9,3.8,.500,1.0,3.8,4.8,2.9,0.0,1.0,1.9,2.9,22.1,,96,118
230,Kevin Huerter,SG,25,SAC,64,59,1562,7.8,17.6,.443,3.9,10.7,.361,3.9,6.9,.571,1.1,1.5,.766,1.2,5.8,7.0,5.2,1.4,0.7,1.7,4.2,20.5,,117,118
231,Jay Huff,C,25,DEN,18,0,47,9.7,16.2,.600,3.2,9.7,.333,6.5,6.5,1.000,2.2,2.2,1.000,1.1,9.7,10.8,2.2,1.1,2.2,1.1,8.6,24.8,,139,113
232,De'Andre Hunter,SF,26,ATL,54,34,1583,8.9,19.1,.466,3.5,8.9,.392,5.4,10.2,.530,4.8,5.7,.843,0.9,5.5,6.4,2.5,1.2,0.5,2.5,4.2,26.0,,117,123
233,Matthew Hurt,PF,23,MEM,8,0,113,5.3,14.9,.353,2.2,8.8,.250,3.1,6.1,.500,1.3,1.3,1.000,4.0,3.1,7.0,1.8,1.3,1.3,0.9,3.5,14.1,,105,119
234,Bones Hyland,PG,23,LAC,34,4,450,8.0,21.9,.367,3.8,12.0,.315,4.2,9.8,.432,1.6,2.0,.778,0.4,3.7,4.1,8.5,2.2,0.3,4.4,4.8,21.4,,97,119
235,Joe Ingles,SF,36,ORL,63,0,1085,4.2,9.8,.427,2.9,6.9,.424,1.2,2.8,.435,1.2,1.4,.839,0.8,5.1,5.9,8.5,1.8,0.2,2.7,3.9,12.5,,119,114
236,Brandon Ingram,SF,26,NOP,63,63,2079,11.7,23.9,.490,2.0,5.7,.356,9.7,18.3,.532,5.8,7.3,.801,1.0,6.6,7.6,8.6,1.2,0.9,3.8,3.4,31.3,,115,115
237,Kyrie Irving,SG,31,DAL,55,55,1911,13.5,27.3,.493,4.1,10.1,.411,9.3,17.2,.542,4.3,4.8,.910,1.1,5.8,6.9,7.2,1.8,0.6,2.6,2.7,35.4,,122,117
238,Jonathan Isaac,PF,26,ORL,53,1,822,8.2,15.8,.523,2.4,6.1,.390,5.9,9.7,.606,3.5,4.8,.722,4.0,10.1,14.1,1.6,2.3,3.9,1.5,3.5,22.3,,126,105
239,Jaden Ivey,SG,21,DET,73,57,2101,9.1,21.3,.429,2.6,8.0,.330,6.5,13.3,.488,5.1,6.7,.761,1.9,4.0,5.9,6.4,1.2,0.9,4.1,4.6,26.0,,106,122
240,Andre Jackson Jr.,SG,22,MIL,52,8,538,4.3,8.5,.511,1.4,3.8,.381,2.9,4.7,.615,0.7,1.0,.727,3.8,5.9,9.7,4.4,1.3,0.5,2.2,7.9,10.8,,124,119
241,GG Jackson II,PF,19,MEM,44,14,1085,9.2,21.3,.431,4.0,11.1,.360,5.2,10.2,.509,4.7,6.2,.750,2.1,6.0,8.1,2.4,1.0,1.0,2.7,2.6,27.0,,108,119
242,Isaiah Jackson,C,22,IND,58,3,753,9.7,14.6,.665,0.0,0.3,.000,9.7,14.3,.677,4.6,6.5,.716,5.6,9.0,14.6,3.0,2.2,3.7,2.5,8.7,24.0,,134,113
243,Jaren Jackson Jr.,C,24,MEM,66,66,2124,12.1,27.1,.444,2.7,8.6,.320,9.3,18.6,.501,7.9,9.7,.808,2.0,6.5,8.5,3.6,1.9,2.5,3.7,5.5,34.7,,107,114
244,Justin Jackson,SF,28,MIN,2,0,1,0.0,0.0,,0.0,0.0,,0.0,0.0,,0.0,0.0,,0.0,0.0,0.0,0.0,0.0,0.0,0.0,0.0,0.0,,,120
245,Quenton Jackson,PG,25,IND,1,0,2,0.0,0.0,,0.0,0.0,,0.0,0.0,,0.0,0.0,,0.0,23.8,23.8,0.0,0.0,0.0,0.0,0.0,0.0,,,114
246,Reggie Jackson,PG,33,DEN,78,23,1730,9.2,21.0,.437,2.9,7.8,.367,6.3,13.1,.479,2.2,2.7,.796,0.9,3.4,4.3,8.7,1.2,0.4,3.0,4.1,23.4,,111,120
247,Trayce Jackson-Davis,PF,23,GSW,63,11,1013,10.3,14.7,.699,0.0,0.0,.000,10.3,14.7,.701,3.3,5.8,.563,6.1,8.9,15.0,3.7,1.3,3.2,2.1,5.0,23.9,,137,114
248,LeBron James,PF,39,LAL,68,68,2390,13.1,24.4,.536,2.9,7.1,.413,10.1,17.3,.586,5.8,7.7,.746,1.1,8.8,9.9,11.2,1.6,0.7,4.6,1.6,34.8,,120,116
249,Jaime Jaquez Jr.,SF,22,MIA,70,20,1996,8.2,16.7,.489,1.5,4.8,.314,6.7,11.9,.561,3.3,4.1,.804,2.0,4.8,6.8,4.5,1.9,0.4,2.7,3.9,21.2,,112,115
250,DeJon Jarreau,SG,26,MEM,9,0,150,5.6,16.5,.340,1.3,4.3,.308,4.3,12.2,.351,1.7,3.6,.455,2.6,11.9,14.6,8.6,2.0,0.7,3.0,4.6,14.2,,94,113
251,DaQuan Jeffries,SG,26,NYK,17,0,46,6.7,18.9,.353,2.2,11.1,.200,4.5,7.8,.571,0.0,2.2,.000,0.0,5.6,5.6,5.6,0.0,1.1,3.3,2.2,15.6,,83,120
252,Trey Jemison,C,24,TOT,21,10,434,7.0,12.0,.581,0.0,0.0,,7.0,12.0,.581,2.2,2.6,.826,5.9,5.5,11.4,2.2,0.9,2.4,3.3,6.2,16.1,,113,117
253,Ty Jerome,SG,26,CLE,2,0,15,6.7,13.4,.500,0.0,3.4,.000,6.7,10.1,.667,0.0,0.0,,3.4,0.0,3.4,10.1,0.0,0.0,3.4,6.7,13.4,,112,123
254,Isaiah Joe,SG,24,OKC,73,1,1367,7.5,16.5,.456,5.0,12.0,.420,2.5,4.5,.552,1.6,1.9,.865,1.0,5.0,6.0,3.2,1.5,0.7,1.5,2.9,21.6,,122,117
255,Cameron Johnson,PF,27,BRK,57,47,1572,8.6,19.4,.445,4.4,11.1,.393,4.3,8.3,.515,2.6,3.3,.781,1.7,6.1,7.9,4.4,1.5,0.5,1.7,3.2,24.2,,119,118
256,Jalen Johnson,SF,22,ATL,55,51,1865,9.2,18.1,.508,1.8,5.2,.352,7.4,12.9,.571,2.8,3.8,.728,1.9,10.6,12.5,5.2,1.7,1.2,2.6,3.4,23.0,,117,118
257,James Johnson,PF,36,IND,8,0,40,3.6,10.7,.333,0.0,2.4,.000,3.6,8.3,.429,2.4,2.4,1.000,1.2,3.6,4.8,8.3,6.0,1.2,4.8,8.3,9.5,,87,111
258,Keldon Johnson,SF,24,SAS,68,26,2015,9.3,20.3,.456,3.0,8.6,.348,6.3,11.7,.535,4.1,5.2,.790,2.2,6.6,8.9,4.6,1.2,0.5,2.3,3.5,25.7,,114,120
259,Keon Johnson,SG,21,BRK,4,0,51,6.9,18.6,.368,3.9,8.8,.444,2.9,9.8,.300,9.8,9.8,1.000,2.9,2.0,4.9,2.9,2.9,1.0,3.9,3.9,27.4,,116,117
260,Keyontae Johnson,SF,23,OKC,9,0,66,3.7,11.8,.313,0.7,2.2,.333,3.0,9.6,.308,0.0,0.0,,3.0,4.4,7.4,3.0,0.7,0.0,3.0,3.7,8.1,,79,120
261,Nikola Jokić,C,28,DEN,75,75,2595,15.2,26.3,.578,1.5,4.4,.347,13.7,21.9,.624,6.7,8.2,.823,4.1,14.0,18.1,13.2,1.9,1.3,4.4,3.5,38.6,,132,110
262,Colby Jones,SG,21,SAC,26,0,153,7.0,18.2,.386,0.3,4.8,.067,6.7,13.4,.500,0.6,1.6,.400,4.8,6.1,10.9,4.5,1.3,0.6,1.9,7.0,15.0,,97,118
263,Damian Jones,C,28,CLE,37,0,256,8.1,13.4,.603,0.4,2.4,.167,7.7,11.0,.696,3.5,4.1,.857,3.9,8.3,12.2,2.9,1.4,2.6,2.6,5.1,20.0,,126,112
264,Derrick Jones Jr.,SF,26,DAL,72,62,1693,6.5,13.4,.482,2.2,6.5,.345,4.2,7.0,.609,2.7,3.7,.715,2.2,4.7,6.9,2.0,1.4,1.4,1.8,3.2,17.9,,117,118
265,Herbert Jones,SF,25,NOP,71,71,2150,6.4,12.7,.506,2.4,5.8,.422,4.0,6.9,.577,2.9,3.4,.863,1.6,4.1,5.7,4.2,2.3,1.4,1.9,4.8,18.1,,126,114
266,Mason Jones,SG,25,SAC,4,0,22,4.5,15.6,.286,4.5,13.4,.333,0.0,2.2,.000,2.2,4.5,.500,2.2,8.9,11.1,11.1,2.2,0.0,2.2,2.2,15.6,,112,115
267,Tre Jones,PG,24,SAS,72,43,1967,6.7,13.1,.511,1.5,4.2,.355,5.2,8.9,.585,2.4,2.8,.876,1.3,5.0,6.2,10.8,1.7,0.2,2.6,2.1,17.3,,125,120
268,Tyus Jones,PG,27,WAS,66,66,1933,8.0,16.3,.489,2.6,6.3,.414,5.4,10.1,.537,0.8,1.0,.800,0.5,3.9,4.4,11.9,1.7,0.4,1.6,1.2,19.4,,127,123
269,DeAndre Jordan,C,35,DEN,36,2,396,7.4,11.9,.624,0.0,0.0,,7.4,11.9,.624,3.3,6.8,.491,6.9,13.2,20.1,3.3,0.8,2.0,2.9,7.2,18.2,,122,112
270,Cory Joseph,PG,32,GSW,26,0,296,3.8,10.7,.359,2.2,7.0,.310,1.7,3.7,.455,0.7,1.2,.571,1.0,4.0,5.0,7.0,0.7,0.5,2.0,4.2,10.5,,109,122
271,Nikola Jović,PF,20,MIA,41,33,766,6.6,15.0,.439,3.5,8.7,.402,3.1,6.3,.490,1.8,2.7,.659,1.5,9.6,11.1,5.4,1.4,0.9,2.6,4.7,18.4,,111,112
272,Johnny Juzang,SG,22,UTA,15,1,241,6.3,14.9,.419,3.6,11.1,.327,2.6,3.8,.684,0.4,0.6,.667,1.4,4.4,5.9,2.8,0.2,0.2,1.2,3.6,16.6,,114,127
273,Luke Kennard,SG,27,MEM,39,22,999,7.0,15.6,.448,5.3,11.8,.450,1.7,3.8,.442,2.0,2.2,.889,0.5,5.1,5.6,6.8,1.0,0.1,2.7,1.9,21.3,,121,120
274,Walker Kessler,C,22,UTA,64,22,1493,7.5,11.4,.654,0.1,0.6,.211,7.3,10.8,.680,1.8,3.0,.602,5.4,10.3,15.7,2.0,1.0,5.0,2.2,4.3,16.9,,128,116
275,Braxton Key,SF,26,DEN,19,0,59,6.0,14.6,.412,1.7,4.3,.400,4.3,10.3,.417,3.4,5.1,.667,2.6,11.2,13.7,7.7,1.7,0.9,0.9,4.3,17.2,,125,113
276,Corey Kispert,SF,24,WAS,76,18,1919,8.9,18.3,.485,4.2,11.1,.376,4.7,7.2,.652,2.6,3.6,.728,0.7,4.5,5.2,3.3,1.0,0.4,2.2,3.3,24.6,,114,124
277,Maxi Kleber,C,32,DAL,39,7,790,3.4,8.3,.407,1.7,5.2,.321,1.7,3.1,.549,1.5,2.3,.676,1.5,6.3,7.9,3.7,0.9,1.5,1.5,4.5,9.9,,113,118
278,Kevin Knox,SF,24,DET,31,11,560,7.5,16.1,.462,2.7,8.2,.330,4.8,8.0,.598,1.7,1.9,.909,1.6,4.9,6.5,2.0,1.1,0.6,1.9,4.3,19.3,,110,122
279,John Konchar,SF,27,MEM,55,23,1173,3.7,8.8,.423,1.6,5.1,.317,2.1,3.7,.568,0.9,1.1,.840,3.0,7.8,10.9,4.7,2.2,2.2,1.9,3.2,9.9,,114,113
280,Furkan Korkmaz,SG,26,PHI,35,0,300,5.0,12.6,.395,2.3,6.6,.350,2.7,6.0,.444,2.3,3.3,.700,0.7,4.3,5.0,4.2,2.3,0.5,1.7,2.8,14.6,,109,117
281,Luke Kornet,C,28,BOS,58,5,885,7.1,10.2,.692,0.0,0.0,,7.1,10.2,.692,2.5,2.8,.898,6.0,7.1,13.1,3.2,1.3,3.2,1.1,4.1,16.6,,155,110
282,Vit Krejci,PG,23,ATL,18,13,446,4.5,8.6,.519,2.6,5.8,.453,1.9,2.8,.654,0.5,0.7,.833,0.8,3.5,4.3,4.4,1.0,0.7,1.4,4.4,12.1,,132,124
283,Jonathan Kuminga,PF,21,GSW,70,44,1843,11.7,22.2,.529,1.3,4.2,.316,10.4,18.0,.579,5.7,7.7,.740,2.4,6.6,8.9,4.0,1.4,0.9,3.1,4.3,30.6,,118,118
284,Kyle Kuzma,PF,28,WAS,70,70,2281,12.6,27.3,.463,3.1,9.4,.336,9.5,18.0,.530,3.9,5.0,.775,1.3,8.4,9.7,6.2,0.8,1.0,4.0,3.2,32.3,,104,121
285,Jock Landale,C,28,HOU,51,1,644,6.5,13.1,.494,0.5,2.4,.226,5.9,10.7,.553,3.2,3.9,.824,6.3,5.9,12.2,4.0,1.1,2.1,1.8,4.8,16.7,,126,115
286,Jake LaRavia,PF,22,MEM,32,3,683,6.5,18.3,.357,2.8,9.3,.297,3.8,9.0,.419,5.2,6.5,.809,3.4,4.8,8.2,3.4,1.9,0.7,2.5,4.5,21.1,,105,117
287,Zach LaVine,SG,28,CHI,25,23,872,9.8,21.7,.452,3.4,9.8,.349,6.4,12.0,.536,5.1,6.0,.854,0.5,7.0,7.5,5.7,1.2,0.5,3.0,3.3,28.2,,114,119
288,A.J. Lawson,SG,23,DAL,38,0,260,8.8,18.7,.470,2.4,8.0,.302,6.3,10.6,.596,2.4,3.9,.619,2.2,4.7,6.9,2.8,1.9,0.6,1.9,3.7,22.4,,111,118
289,Saben Lee,PG,24,PHO,22,0,179,5.2,14.8,.352,0.5,4.4,.125,4.7,10.4,.447,8.0,10.7,.744,2.5,6.0,8.5,8.2,1.9,0.8,2.2,3.6,19.0,,115,116
290,Alex Len,C,30,SAC,43,0,395,6.0,9.5,.623,0.0,0.4,.000,6.0,9.2,.649,2.2,3.7,.600,5.3,9.3,14.6,5.0,1.4,3.7,3.0,6.9,14.1,,124,112
291,Kawhi Leonard,SF,32,LAC,68,68,2330,13.1,25.0,.525,3.0,7.2,.417,10.1,17.8,.569,5.5,6.2,.885,1.8,7.2,9.0,5.3,2.4,1.3,2.6,2.1,34.7,,125,115
292,Caris LeVert,SG,29,CLE,65,9,1867,8.8,21.0,.418,2.7,8.6,.321,6.0,12.5,.485,3.9,5.2,.760,1.0,6.2,7.2,9.1,1.9,0.9,3.1,3.1,24.3,,110,114
293,Kira Lewis Jr.,PG,22,TOT,26,0,221,5.8,16.9,.342,0.9,6.7,.133,4.9,10.2,.478,3.3,3.8,.882,1.8,3.1,4.9,7.1,1.6,0.4,2.9,2.7,15.8,,97,120
294,Maxwell Lewis,SF,21,LAL,31,0,97,2.0,9.5,.211,0.5,3.5,.143,1.5,6.0,.250,0.0,0.0,,1.0,1.0,2.0,2.5,1.0,0.5,4.5,2.0,4.5,,48,123
295,E.J. Liddell,PF,23,NOP,8,0,23,2.1,12.9,.167,0.0,10.7,.000,2.1,2.1,1.000,4.3,4.3,1.000,0.0,10.7,10.7,2.1,4.3,4.3,4.3,4.3,8.6,,56,101
296,Damian Lillard,PG,33,MIL,69,69,2439,10.4,24.3,.426,4.3,11.9,.358,6.1,12.4,.490,8.8,9.5,.921,0.7,5.4,6.0,9.7,1.4,0.3,3.6,2.6,33.7,,121,119
297,Nassir Little,SF,23,PHO,42,2,451,5.9,13.0,.454,2.3,7.4,.309,3.6,5.6,.647,1.9,2.2,.850,1.5,6.6,8.2,2.3,1.1,1.1,1.5,4.3,15.9,,115,117
298,Dereck Lively II,C,19,DAL,55,42,1294,8.3,11.1,.747,0.0,0.1,.000,8.3,11.0,.752,1.5,3.0,.506,5.1,9.1,14.2,2.2,1.3,2.9,1.9,5.4,18.1,,139,113
299,Isaiah Livers,PF,25,DET,23,6,469,4.1,12.0,.345,2.3,8.0,.286,1.9,4.0,.462,1.2,1.9,.667,1.6,3.4,5.0,2.6,1.3,0.5,1.7,4.5,11.8,,97,122
300,Chris Livingston,SF,20,MIL,17,0,72,5.4,12.1,.444,0.7,2.7,.250,4.7,9.4,.500,1.3,1.3,1.000,1.3,8.8,10.1,3.4,1.3,0.0,2.7,7.4,12.8,,98,118
301,Kenneth Lofton Jr.,PF,21,TOT,18,0,120,7.4,20.6,.360,1.7,5.8,.286,5.8,14.9,.389,3.3,6.2,.533,1.2,6.6,7.8,5.8,1.2,1.2,3.3,6.2,19.8,,89,117
302,Kevon Looney,C,27,GSW,70,36,1137,5.6,9.4,.594,0.0,0.0,.000,5.6,9.4,.597,2.3,3.4,.671,5.9,11.6,17.4,5.7,1.1,1.0,2.1,6.5,13.5,,134,116
303,Brook Lopez,C,35,MIL,74,74,2272,7.3,15.1,.485,2.9,8.0,.364,4.4,7.1,.622,2.2,2.7,.824,2.3,6.0,8.3,2.6,0.9,3.8,1.6,3.9,19.7,,122,116
304,Robin Lopez,C,35,MIL,16,2,65,5.2,14.2,.368,1.5,6.0,.250,3.7,8.2,.455,1.5,1.5,1.000,2.2,1.5,3.7,3.0,0.7,2.2,1.5,5.2,13.4,,101,121
305,Kevin Love,PF,35,MIA,50,5,871,8.4,19.0,.442,4.5,13.1,.341,3.9,5.9,.667,4.8,6.1,.783,3.2,15.1,18.3,6.5,1.0,0.6,2.4,5.3,26.1,,123,111
306,Kyle Lowry,PG,37,TOT,58,53,1642,4.9,11.4,.433,3.0,7.6,.393,2.0,3.8,.512,1.9,2.2,.836,1.0,4.7,5.7,7.4,1.8,0.6,2.5,4.3,14.7,,119,116
307,Seth Lundy,SF,23,ATL,9,0,52,3.7,15.9,.235,2.8,12.2,.231,0.9,3.7,.250,2.8,3.7,.750,0.9,5.6,6.5,0.0,0.0,0.0,0.9,5.6,13.1,,83,126
308,Trey Lyles,PF,28,SAC,53,0,1059,6.1,13.7,.446,3.6,9.4,.379,2.5,4.3,.591,2.2,3.1,.691,2.5,8.1,10.6,3.0,0.6,0.7,1.7,3.8,17.9,,120,118
309,Théo Maledon,PG,22,TOT,17,1,213,4.7,16.3,.286,1.2,7.0,.167,3.5,9.3,.375,3.3,3.5,.933,0.9,4.7,5.6,6.5,1.6,0.0,4.2,4.9,13.8,,81,122
310,Sandro Mamukelashvili,C,24,SAS,41,1,319,8.0,16.3,.491,1.8,6.8,.267,6.2,9.5,.651,2.4,3.3,.727,5.4,8.6,14.0,5.6,1.1,1.5,1.7,4.4,20.2,,125,118
311,Terance Mann,SG,27,LAC,70,66,1765,6.5,13.0,.496,1.9,5.6,.337,4.6,7.5,.615,2.1,2.6,.824,2.3,4.3,6.5,3.2,1.2,0.4,1.2,3.8,16.9,,126,121
312,Tre Mann,PG,22,TOT,36,23,827,7.1,15.7,.450,2.2,6.4,.346,4.9,9.3,.523,2.0,2.7,.756,1.0,6.7,7.7,7.9,2.3,0.1,3.2,2.6,18.4,,108,119
313,Boban Marjanović,C,35,HOU,13,0,59,10.0,21.6,.462,0.0,1.7,.000,10.0,19.9,.500,6.6,9.1,.727,5.8,14.1,19.9,4.2,0.0,0.8,2.5,4.2,26.6,,114,114
314,Lauri Markkanen,PF,26,UTA,55,55,1820,11.4,23.8,.480,4.7,11.7,.399,6.7,12.1,.559,6.7,7.4,.899,3.3,8.7,12.0,2.9,1.3,0.7,2.1,2.7,34.2,,129,121
315,Naji Marshall,SF,26,NOP,65,1,1253,6.7,14.4,.462,2.3,5.9,.387,4.4,8.5,.514,2.7,3.4,.791,2.1,7.3,9.4,5.0,1.9,0.5,2.5,3.6,18.3,,115,114
316,Caleb Martin,SF,28,MIA,59,19,1601,7.0,16.1,.434,2.4,6.7,.354,4.6,9.4,.492,2.3,2.9,.783,2.1,6.1,8.3,4.0,1.3,0.8,2.3,3.8,18.6,,108,115
317,Cody Martin,SF,28,CHO,28,22,753,5.4,14.2,.381,1.8,5.7,.314,3.6,8.5,.426,1.3,2.2,.606,1.3,5.9,7.2,6.9,2.1,1.2,2.9,3.2,13.9,,97,119
318,KJ Martin,SF,23,TOT,59,2,723,6.4,12.1,.528,0.6,1.9,.286,5.9,10.2,.574,1.5,2.8,.537,2.8,6.1,8.9,3.4,1.4,0.8,2.2,6.8,14.9,,112,117
319,Garrison Mathews,SG,27,ATL,62,4,896,5.0,10.6,.477,4.2,9.1,.467,0.8,1.5,.536,1.8,2.2,.829,0.8,3.8,4.6,1.8,0.9,0.4,1.0,6.0,16.2,,137,125
320,Bennedict Mathurin,SF,21,IND,59,19,1538,9.2,20.5,.446,2.5,6.6,.374,6.7,13.9,.481,5.7,6.9,.821,1.9,5.4,7.2,3.7,1.1,0.4,3.0,3.6,26.5,,110,122
321,Wesley Matthews,SG,37,ATL,35,3,408,4.1,11.6,.351,2.9,8.2,.348,1.2,3.3,.357,1.9,2.6,.727,1.1,5.2,6.3,2.6,1.8,1.3,1.0,5.1,12.9,,112,121
322,Tyrese Maxey,PG,23,PHI,67,67,2503,11.9,26.7,.447,4.0,10.8,.373,7.9,15.9,.498,6.2,7.1,.866,0.7,4.2,4.9,8.4,1.3,0.6,2.2,2.9,34.1,,121,119
323,Skylar Mays,PG-SG,26,TOT,35,5,427,7.3,18.3,.399,1.9,6.3,.296,5.4,12.0,.452,1.5,2.0,.765,1.2,3.8,5.0,9.7,2.3,0.5,2.3,3.0,17.9,,108,119
324,Miles McBride,PG,23,NYK,64,14,1252,8.0,17.5,.456,4.3,10.2,.420,3.7,7.3,.506,1.8,2.0,.860,1.1,2.7,3.8,4.3,1.9,0.3,1.2,4.2,22.0,,129,118
325,CJ McCollum,PG,32,NOP,61,61,1972,10.8,23.9,.452,5.2,12.5,.411,5.7,11.4,.497,2.7,3.3,.824,0.9,5.7,6.6,7.0,1.5,1.0,2.5,3.0,29.5,,117,115
326,T.J. McConnell,PG,31,IND,67,4,1209,11.7,21.3,.547,0.6,1.5,.378,11.1,19.9,.560,1.9,2.4,.790,1.4,5.8,7.2,14.3,2.7,0.3,4.0,2.8,25.8,,120,118
327,Jaden McDaniels,SF,23,MIN,67,66,1958,7.4,15.1,.489,2.0,6.1,.338,5.4,9.1,.590,1.4,1.9,.716,1.4,4.0,5.4,2.4,1.6,1.0,2.2,5.3,18.2,,108,112
328,Jalen McDaniels,SF,26,TOR,46,1,481,6.1,17.2,.355,1.1,6.8,.164,5.0,10.4,.480,2.1,3.0,.724,1.5,5.9,7.4,3.6,1.7,0.6,2.9,4.6,15.5,,86,121
329,Doug McDermott,SF,32,TOT,61,0,869,6.4,14.9,.430,5.0,12.1,.411,1.4,2.8,.510,0.6,1.0,.579,0.5,2.7,3.2,3.8,0.8,0.1,1.5,3.4,18.4,,114,124
330,JaVale McGee,C,36,SAC,44,0,328,11.2,18.5,.605,0.1,0.7,.200,11.1,17.8,.622,3.7,6.4,.581,5.8,11.6,17.5,2.2,1.9,3.0,4.8,6.7,26.3,,109,110
331,Bryce McGowens,SG,21,CHO,55,13,820,5.6,12.5,.444,1.9,5.6,.333,3.7,6.9,.535,3.3,4.3,.761,1.0,4.8,5.8,2.8,1.2,0.5,1.6,4.5,16.3,,111,122
332,Jordan McLaughlin,PG,27,MIN,51,0,554,5.6,12.0,.466,3.6,7.5,.482,2.0,4.5,.440,0.9,1.3,.714,1.4,4.6,6.0,8.9,2.8,0.6,1.4,2.4,15.8,,136,110
333,De'Anthony Melton,SG,25,PHI,36,33,1002,6.8,17.3,.391,3.7,10.3,.362,3.0,7.0,.433,3.3,3.9,.835,1.3,5.5,6.8,5.5,2.8,0.8,1.9,4.1,20.5,,115,115
334,Nathan Mensah,C,25,CHO,25,0,307,1.9,4.5,.429,0.0,0.0,,1.9,4.5,.429,1.5,1.9,.750,4.7,5.8,10.5,1.5,1.0,2.3,2.3,10.4,5.3,,104,120
335,Sam Merrill,SG,27,CLE,60,1,1063,7.5,18.6,.403,6.8,16.7,.405,0.7,1.8,.385,1.2,1.3,.929,1.0,4.6,5.7,5.1,0.9,0.2,0.9,3.4,23.0,,126,119
336,Chimezie Metu,C,26,TOT,47,8,724,7.1,13.8,.515,1.3,5.1,.253,5.8,8.7,.667,3.6,4.1,.900,2.4,8.6,11.0,2.6,2.6,1.1,2.8,4.5,19.1,,115,114
337,Vasilije Micić,PG,30,TOT,55,16,1071,6.8,15.5,.438,1.7,6.3,.270,5.1,9.2,.553,2.7,3.3,.817,0.6,3.1,3.7,10.9,1.3,0.3,4.0,2.9,17.9,,107,122
338,Khris Middleton,SF,32,MIL,51,51,1386,10.4,21.2,.490,3.1,8.3,.377,7.3,13.0,.562,3.3,3.9,.830,1.3,7.0,8.3,9.5,1.7,0.5,3.9,4.7,27.2,,117,117
339,Brandon Miller,SF,21,CHO,70,64,2265,10.0,22.6,.441,3.8,10.1,.374,6.2,12.5,.495,2.8,3.4,.815,1.3,5.3,6.6,3.6,1.4,0.9,2.7,3.9,26.5,,105,121
340,Jordan Miller,SF,24,LAC,8,0,28,9.0,16.1,.556,1.8,3.6,.500,7.2,12.5,.571,3.6,3.6,1.000,5.4,3.6,9.0,0.0,0.0,0.0,1.8,3.6,23.3,,131,124
341,Leonard Miller,SF,20,MIN,13,0,42,13.1,17.9,.733,2.4,4.8,.500,10.7,13.1,.818,0.0,0.0,,2.4,14.3,16.7,8.4,2.4,1.2,1.2,4.8,28.7,,159,104
342,Dariq Whitehead,SF,19,BRK,2,0,24,2.1,10.4,.200,0.0,6.2,.000,2.1,4.2,.500,2.1,4.2,.500,0.0,8.3,8.3,6.2,0.0,2.1,0.0,0.0,6.2,,84,119
343,Patty Mills,PG,35,TOT,30,5,396,5.5,15.5,.355,2.9,10.1,.284,2.6,5.4,.488,1.1,1.1,1.000,1.1,3.1,4.3,4.1,2.5,0.1,2.0,3.8,15.0,,99,119
344,Shake Milton,SG,27,TOT,48,0,581,6.8,16.8,.405,1.5,5.5,.281,5.3,11.3,.466,3.4,4.2,.816,1.2,5.3,6.5,5.2,1.6,0.5,2.7,4.6,18.6,,103,113
345,Justin Minaya,SF,24,POR,29,0,241,2.7,9.3,.289,1.2,5.8,.214,1.4,3.5,.412,0.8,1.6,.500,3.3,4.1,7.4,2.3,1.6,1.9,1.4,3.7,7.4,,92,118
346,Josh Minott,SF,21,MIN,28,0,81,8.7,19.2,.452,1.9,5.6,.333,6.8,13.6,.500,7.4,8.7,.857,2.5,8.0,10.5,4.3,3.1,3.1,1.2,6.2,26.6,,126,104
347,Davion Mitchell,PG,25,SAC,67,4,983,6.5,13.9,.466,2.4,6.8,.358,4.0,7.1,.570,1.2,1.7,.686,0.9,3.4,4.3,5.9,0.8,0.1,1.9,4.0,16.6,,116,121
348,Donovan Mitchell,SG,27,CLE,53,53,1871,13.0,28.1,.461,4.7,12.7,.365,8.3,15.4,.541,7.1,8.2,.863,1.2,6.2,7.3,8.6,2.5,0.8,4.0,3.1,37.7,,117,113
349,Evan Mobley,PF,22,CLE,46,46,1415,10.6,18.0,.588,0.7,1.8,.392,9.8,16.1,.610,4.0,5.7,.711,3.7,11.9,15.6,5.3,1.5,2.4,3.0,4.5,25.8,,123,110
350,Isaiah Mobley,PF,24,CLE,8,0,54,4.7,12.1,.385,1.9,6.5,.286,2.8,5.6,.500,0.0,0.0,,0.0,5.6,5.6,5.6,0.9,0.0,0.9,4.7,11.2,,106,118
351,Malik Monk,SG,25,SAC,72,0,1872,10.4,23.4,.443,3.9,11.1,.350,6.5,12.3,.528,4.4,5.4,.829,0.7,4.8,5.5,9.7,1.2,1.0,3.9,4.1,29.0,,114,119
352,Moses Moody,SG,21,GSW,61,9,1071,8.4,18.0,.467,3.1,8.6,.358,5.3,9.4,.567,3.1,3.9,.800,2.9,5.6,8.4,2.3,1.8,1.1,1.8,3.7,23.0,,120,118
353,Xavier Moon,SG,29,LAC,10,0,39,6.4,19.3,.333,0.0,6.4,.000,6.4,12.9,.500,1.3,2.6,.500,3.9,3.9,7.7,9.0,1.3,1.3,5.1,5.1,14.2,,84,120
354,Taze Moore,SG,25,POR,3,0,10,14.9,24.8,.600,0.0,9.9,.000,14.9,14.9,1.000,0.0,0.0,,0.0,0.0,0.0,5.0,5.0,0.0,5.0,9.9,29.8,,101,115
355,Wendell Moore Jr.,SG,22,MIN,21,0,65,5.4,10.8,.500,0.0,3.1,.000,5.4,7.7,.700,0.0,0.0,,0.0,7.7,7.7,3.9,3.9,0.8,2.3,3.1,10.8,,94,105
356,Ja Morant,PG,24,MEM,9,9,318,12.5,26.5,.471,2.2,8.0,.275,10.3,18.6,.555,8.1,10.0,.813,0.9,6.9,7.8,11.4,1.1,0.8,4.2,3.0,35.3,,116,118
357,Marcus Morris,PF,34,TOT,47,7,786,7.1,16.1,.441,3.0,7.3,.409,4.1,8.8,.468,2.3,2.8,.818,1.4,6.9,8.3,2.3,1.0,0.8,1.8,4.4,19.5,,111,118
358,Markieff Morris,PF,34,DAL,22,1,173,5.6,15.1,.370,3.6,9.5,.382,2.0,5.6,.350,0.8,1.1,.750,1.1,7.6,8.7,3.4,1.4,0.3,2.8,3.1,15.7,,97,117
359,Monte Morris,PG,28,TOT,28,0,423,6.7,16.2,.416,2.7,7.2,.377,4.0,9.0,.447,1.5,2.2,.684,0.8,4.8,5.7,7.4,2.1,0.8,0.7,1.4,17.7,,121,112
360,Trey Murphy III,SF,23,NOP,52,19,1495,8.0,18.4,.436,4.8,13.1,.369,3.2,5.3,.602,3.4,4.3,.794,1.3,7.0,8.3,3.7,1.5,0.9,1.0,2.1,24.3,,125,114
361,Dejounte Murray,SG,27,ATL,75,75,2673,11.7,25.5,.459,3.5,9.7,.364,8.2,15.8,.517,3.7,4.6,.798,1.0,6.2,7.2,8.8,1.9,0.4,3.5,2.4,30.6,,115,121
362,Jamal Murray,PG,26,DEN,55,55,1754,12.5,26.4,.475,3.7,8.9,.420,8.8,17.5,.503,4.3,5.0,.856,1.1,5.4,6.5,10.6,1.5,1.0,3.4,2.9,33.1,,120,117
363,Keegan Murray,SF,23,SAC,72,72,2407,8.4,18.2,.460,3.4,9.4,.357,5.0,8.8,.569,1.9,2.4,.819,2.0,5.9,7.9,2.5,1.5,1.1,1.3,4.0,22.1,,117,117
364,Kris Murray,SF,23,POR,57,24,1155,5.4,13.4,.405,1.7,6.5,.263,3.7,6.8,.541,1.2,1.9,.600,2.8,5.1,7.9,3.1,2.1,0.7,2.0,3.3,13.7,,102,118
365,Mike Muscala,C,32,TOT,49,6,562,4.7,12.8,.367,2.4,8.0,.298,2.3,4.8,.482,1.4,2.1,.680,3.0,6.8,9.8,2.9,0.8,1.1,1.6,4.0,13.2,,104,121
366,Svi Mykhailiuk,SF,26,BOS,36,0,311,6.1,16.0,.380,4.6,13.1,.354,1.4,2.9,.500,0.6,1.1,.571,1.4,4.6,6.1,4.0,1.6,0.0,1.4,2.1,17.4,,113,115
367,Larry Nance Jr.,C,31,NOP,58,0,1134,5.7,9.8,.578,1.1,2.6,.433,4.5,7.2,.630,1.7,2.4,.741,3.8,8.8,12.6,4.4,2.4,0.8,2.0,4.0,14.2,,131,111
368,Pete Nance,PF,23,CLE,6,0,14,0.0,7.2,.000,0.0,0.0,,0.0,7.2,.000,0.0,7.2,.000,0.0,7.2,7.2,0.0,0.0,0.0,3.6,3.6,0.0,,0,119
369,Andrew Nembhard,PG,24,IND,64,43,1587,7.4,14.9,.495,1.7,4.8,.356,5.6,10.1,.561,1.2,1.5,.804,1.1,2.9,4.0,7.8,1.8,0.2,2.9,3.9,17.7,,114,122
370,Aaron Nesmith,SF,24,IND,68,43,1876,7.6,15.3,.495,3.5,8.2,.429,4.1,7.2,.571,2.4,3.1,.758,1.5,5.0,6.5,2.6,1.6,1.2,1.5,5.8,21.1,,123,120
371,Georges Niang,PF,30,CLE,78,10,1750,7.8,17.4,.451,4.1,10.8,.374,3.8,6.6,.579,1.4,1.7,.862,0.6,7.1,7.7,2.7,0.8,0.5,2.0,5.3,21.2,,110,117
372,Daishen Nix,PG,21,MIN,13,0,46,8.7,24.0,.364,5.5,16.4,.333,3.3,7.6,.429,1.1,4.4,.250,0.0,2.2,2.2,5.5,5.5,0.0,3.3,1.1,24.0,,91,106
373,Zeke Nnaji,PF,23,DEN,54,0,536,6.0,13.1,.453,0.6,2.1,.273,5.4,11.1,.487,4.0,5.6,.712,5.5,5.6,11.1,2.9,1.3,3.5,2.6,7.1,16.4,,113,114
374,Jaylen Nowell,SG,24,TOT,11,1,195,8.1,18.2,.444,1.5,6.8,.222,6.6,11.4,.578,1.3,1.8,.714,1.5,3.8,5.3,4.6,1.0,0.5,1.5,3.8,19.0,,106,121
375,Markquis Nowell,SG,24,TOR,1,0,4,0.0,12.3,.000,0.0,0.0,,0.0,12.3,.000,24.5,24.5,1.000,24.5,0.0,24.5,24.5,12.3,0.0,0.0,0.0,24.5,,169,102
376,Frank Ntilikina,PG,25,CHO,5,0,43,1.2,10.4,.111,1.2,9.2,.125,0.0,1.2,.000,2.3,2.3,1.000,1.2,5.8,6.9,4.6,0.0,0.0,1.2,4.6,5.8,,75,125
377,Jusuf Nurkić,C,29,PHO,72,72,1965,7.8,15.3,.510,0.6,2.2,.247,7.2,13.0,.555,4.0,6.3,.635,5.4,14.4,19.8,6.9,1.8,1.9,4.1,6.0,20.1,,114,109
378,Jordan Nwora,SF,25,TOT,48,1,650,9.3,20.4,.454,2.8,9.0,.317,6.4,11.4,.562,3.1,3.7,.857,1.7,8.0,9.7,4.3,1.9,0.7,3.6,3.4,24.5,,105,119
379,Royce O'Neale,SF,30,TOT,74,13,1830,5.5,13.7,.400,4.0,10.7,.375,1.5,3.0,.491,0.6,0.8,.677,1.5,8.0,9.6,5.5,1.4,1.1,1.9,4.4,15.6,,115,116
380,Chuma Okeke,SF,25,ORL,43,8,421,4.6,12.9,.358,2.7,9.5,.288,1.9,3.4,.552,0.5,0.8,.571,2.1,7.1,9.2,2.3,1.1,0.8,1.8,2.3,12.4,,98,114
381,Josh Okogie,SG,25,PHO,57,11,953,4.3,10.5,.414,1.4,4.8,.301,2.9,5.7,.509,3.9,5.3,.745,3.8,4.1,7.8,3.3,2.4,1.2,1.9,3.5,14.0,,119,116
382,Onyeka Okongwu,C,23,ATL,55,8,1405,7.7,12.6,.611,0.8,2.4,.333,6.9,10.2,.676,3.2,4.0,.793,5.0,8.0,13.0,2.6,0.9,2.1,1.6,5.6,19.4,,139,120
383,Isaac Okoro,SF,23,CLE,65,41,1781,6.3,13.0,.486,2.3,5.8,.388,4.1,7.2,.565,2.3,3.4,.680,1.8,3.7,5.5,3.6,1.6,0.9,1.5,3.8,17.3,,120,117
384,Kelly Olynyk,C,32,TOT,74,23,1643,7.5,13.7,.550,1.7,4.3,.384,5.9,9.4,.627,4.0,4.9,.829,3.0,8.2,11.2,9.8,2.1,0.9,4.2,6.4,20.8,,125,119
385,Eugene Omoruyi,SF,26,WAS,39,0,325,9.3,19.6,.478,0.9,5.0,.176,8.5,14.6,.580,4.2,6.4,.659,4.5,7.2,11.7,4.1,3.5,0.6,2.6,8.3,23.8,,109,116
386,Cedi Osman,SF,28,SAS,72,3,1269,7.0,14.5,.479,3.3,8.4,.389,3.7,6.2,.601,1.3,2.0,.673,0.9,5.9,6.8,4.5,1.4,0.4,1.8,4.0,18.5,,116,120
387,Kelly Oubre Jr.,SF,28,PHI,64,48,1924,9.3,21.1,.441,2.5,7.9,.314,6.9,13.3,.517,4.2,5.6,.753,2.3,5.9,8.2,2.4,1.9,1.1,2.1,4.8,25.3,,110,116
388,Chris Paul,PG,38,GSW,53,15,1388,6.6,14.9,.444,2.6,6.7,.383,4.1,8.2,.494,1.5,1.9,.827,0.6,6.7,7.4,12.8,2.2,0.1,2.4,3.4,17.3,,127,117
389,Cameron Payne,PG,29,TOT,74,8,1228,8.0,18.4,.436,4.0,10.1,.393,4.0,8.3,.488,2.3,2.7,.866,0.8,3.6,4.4,7.7,1.5,0.4,2.5,4.9,22.3,,117,120
390,Gary Payton II,SG,31,GSW,42,0,650,7.5,13.3,.560,1.4,4.0,.346,6.1,9.4,.650,1.0,1.6,.619,3.5,4.8,8.3,3.4,3.0,1.3,2.0,5.5,17.3,,124,115
391,Mãozinha Pereira,SF,23,MEM,7,1,122,7.3,14.2,.514,2.0,5.3,.385,5.3,8.9,.591,2.8,4.1,.700,4.5,10.6,15.1,0.8,2.4,1.6,2.0,4.1,19.5,,117,111
392,Drew Peterson,PF,24,BOS,1,0,3,16.6,16.6,1.000,16.6,16.6,1.000,0.0,0.0,,0.0,0.0,,0.0,0.0,0.0,16.6,0.0,0.0,0.0,16.6,49.7,,282,121
393,Filip Petrušev,C,23,TOT,3,0,10,4.9,9.8,.500,0.0,0.0,,4.9,9.8,.500,4.9,9.8,.500,0.0,4.9,4.9,0.0,0.0,0.0,0.0,4.9,14.8,,109,122
394,Julian Phillips,SF,20,CHI,40,0,323,5.0,12.0,.416,1.9,5.9,.316,3.1,6.1,.513,2.0,3.0,.684,1.9,3.7,5.6,2.0,1.1,1.1,1.6,6.2,13.9,,107,120
395,Jalen Pickett,SG,24,DEN,25,0,120,6.3,14.8,.429,3.8,10.5,.360,2.5,4.2,.600,1.3,1.7,.750,0.4,5.5,5.9,8.4,1.7,0.0,3.8,5.5,17.7,,109,117
396,Scotty Pippen Jr.,PG,23,MEM,17,12,404,8.6,17.2,.500,3.1,6.5,.472,5.5,10.7,.517,3.8,5.3,.721,1.8,4.1,5.9,9.1,3.2,1.1,5.3,5.7,24.1,,112,114
397,Mason Plumlee,C,33,LAC,41,9,576,6.6,10.9,.608,0.0,0.2,.000,6.6,10.7,.618,5.2,7.6,.690,4.5,12.9,17.4,3.7,1.0,1.3,2.4,5.1,18.5,,130,114
398,Brandin Podziemski,SG,20,GSW,69,27,1839,6.7,15.1,.447,2.2,5.9,.377,4.5,9.2,.493,1.3,2.0,.618,3.0,7.7,10.7,6.9,1.6,0.3,2.3,3.3,17.0,,118,118
399,Jakob Poeltl,C,28,TOR,50,50,1319,9.2,14.1,.656,0.0,0.0,,9.2,14.1,.656,2.2,4.0,.551,5.4,10.5,15.9,4.7,1.3,2.8,2.9,5.5,20.6,,125,116
400,Aleksej Pokusevski,PF,22,TOT,23,0,309,5.3,13.9,.379,1.8,6.6,.268,3.5,7.4,.478,4.0,5.3,.758,2.4,7.2,9.6,4.6,2.1,1.4,2.2,2.6,16.3,,107,117
401,Jordan Poole,SG,24,WAS,76,64,2273,9.8,23.8,.413,3.7,11.3,.323,6.2,12.5,.493,3.9,4.4,.873,0.6,3.7,4.3,6.8,1.7,0.5,3.8,5.0,27.2,,102,123
402,Craig Porter Jr.,PG,23,CLE,49,5,638,9.1,17.8,.509,0.9,2.7,.353,8.1,15.1,.536,3.2,4.4,.732,1.7,6.7,8.4,9.1,1.6,1.1,3.5,3.1,22.3,,114,115
403,Jontay Porter,PF,24,TOR,26,5,360,5.4,14.2,.385,2.7,8.2,.333,2.7,6.0,.455,2.0,2.5,.833,3.5,7.6,11.2,8.2,2.7,2.7,2.9,4.8,15.7,,113,115
404,Michael Porter Jr.,SF,25,DEN,77,77,2445,10.4,21.2,.487,4.4,11.0,.402,5.9,10.3,.579,1.8,2.2,.829,2.1,9.2,11.3,2.4,0.8,1.0,1.8,3.0,26.9,,119,116
405,Otto Porter Jr.,SF,30,TOR,15,1,174,3.9,9.3,.424,2.3,6.5,.348,1.7,2.8,.600,0.8,0.8,1.000,1.7,6.5,8.2,2.3,1.4,1.4,0.6,5.4,11.0,,123,120
406,Bobby Portis,PF,28,MIL,77,1,1874,11.1,22.2,.499,2.3,6.0,.388,8.7,16.2,.540,2.5,3.2,.787,3.4,11.2,14.6,2.4,1.6,0.8,2.1,4.6,26.9,,115,115
407,Kristaps Porziņģis,C,28,BOS,55,55,1637,11.5,22.3,.518,3.2,8.7,.375,8.3,13.6,.609,7.7,8.9,.863,2.9,9.0,11.9,3.4,1.2,3.2,2.6,4.6,34.0,,129,109
408,Micah Potter,PF,25,UTA,13,0,136,4.3,8.2,.522,2.5,5.0,.500,1.8,3.2,.556,1.8,1.8,1.000,1.8,8.6,10.4,0.7,1.1,1.1,1.4,2.5,12.9,,130,121
409,Dwight Powell,C,32,DAL,61,8,788,4.2,6.2,.683,0.1,0.1,.500,4.2,6.1,.687,3.9,5.5,.708,5.4,6.6,12.1,4.9,1.5,1.2,1.8,6.6,12.4,,148,116
410,Norman Powell,SG,30,LAC,73,2,1914,9.5,19.3,.492,4.2,9.7,.438,5.3,9.7,.546,3.8,4.5,.831,0.4,4.5,4.9,2.1,1.1,0.6,1.7,3.4,27.0,,122,121
411,Jason Preston,PG,24,UTA,5,0,47,5.2,12.4,.417,0.0,1.0,.000,5.2,11.4,.455,0.0,0.0,,4.1,7.3,11.4,13.5,2.1,0.0,2.1,2.1,10.4,,121,121
412,Joshua Primo,SG,21,LAC,2,0,10,5.0,15.1,.333,0.0,5.0,.000,5.0,10.0,.500,0.0,0.0,,5.0,0.0,5.0,0.0,0.0,5.0,20.1,0.0,10.0,,37,121
413,Taurean Prince,PF,29,LAL,74,49,2020,5.8,13.1,.446,3.3,8.2,.398,2.6,4.9,.527,1.1,1.5,.719,0.5,4.8,5.3,2.8,1.3,0.8,1.6,3.4,16.0,,110,119
414,Payton Pritchard,PG,26,BOS,77,3,1681,7.4,16.5,.449,4.0,10.4,.381,3.4,6.1,.566,1.2,1.5,.808,2.0,5.2,7.2,7.1,1.1,0.2,1.6,3.0,20.0,,128,116
415,Olivier-Maxence Prosper,PF,21,DAL,36,0,264,4.8,13.8,.347,1.5,6.2,.235,3.3,7.5,.439,4.2,6.2,.676,3.7,8.1,11.8,3.7,0.9,0.6,0.9,3.1,15.3,,112,118
416,Trevelin Queen,SG,26,ORL,13,0,163,4.3,11.6,.368,0.9,5.2,.176,3.4,6.4,.524,2.8,3.7,.750,0.9,4.9,5.8,5.5,2.1,1.5,2.1,4.6,12.2,,101,111
417,Neemias Queta,C,24,BOS,26,0,296,8.6,13.9,.614,0.0,0.0,,8.6,13.9,.614,2.9,4.0,.708,7.7,10.2,18.0,2.4,1.8,2.5,1.7,7.7,20.0,,137,108
418,Immanuel Quickley,PG-SG,24,TOT,65,35,1885,9.7,22.3,.432,4.3,10.8,.395,5.4,11.5,.468,4.9,5.9,.839,0.4,6.0,6.4,8.0,1.3,0.2,2.4,2.8,28.5,,120,121
419,Lester Quinones,SG,23,GSW,34,0,373,6.8,16.8,.402,4.0,10.6,.375,2.8,6.2,.447,2.4,3.6,.667,2.7,6.6,9.3,4.4,0.8,0.3,2.1,5.4,19.9,,115,120
420,Jahmi'us Ramsey,SG,22,TOR,7,1,121,7.3,16.6,.439,2.4,8.9,.273,4.9,7.7,.632,2.0,2.4,.833,1.6,7.3,8.9,3.2,2.8,0.0,2.8,4.1,19.0,,102,118
421,Julius Randle,PF,29,NYK,46,46,1630,12.4,26.3,.472,2.4,7.7,.311,10.0,18.6,.539,7.4,9.5,.781,3.1,10.2,13.3,7.2,0.8,0.4,5.0,3.9,34.7,,114,116
422,Duop Reath,C,27,POR,63,20,1129,9.5,20.1,.470,3.6,10.0,.360,5.9,10.1,.581,2.7,3.7,.735,3.7,6.2,9.9,2.9,1.3,1.5,2.2,6.9,25.2,,117,118
423,Austin Reaves,SG,25,LAL,78,53,2505,8.3,17.2,.485,2.7,7.6,.361,5.6,9.6,.582,4.3,5.0,.865,1.0,5.5,6.6,8.5,1.2,0.4,3.2,2.7,23.7,,120,119
424,Cam Reddish,SF,24,LAL,46,26,961,4.5,11.5,.390,1.8,5.4,.333,2.7,6.0,.442,2.1,2.7,.759,1.3,3.6,4.9,2.4,2.4,0.7,1.6,3.1,12.8,,102,118
425,Paul Reed,C,24,PHI,78,23,1502,8.0,14.8,.539,0.7,1.8,.370,7.3,13.0,.562,2.0,2.7,.732,6.0,9.2,15.2,3.3,2.1,2.7,2.1,6.1,18.7,,123,112
426,Naz Reid,C,24,MIN,76,11,1842,10.3,21.6,.477,4.3,10.5,.411,6.0,11.1,.538,2.7,3.6,.758,1.9,8.9,10.8,2.7,1.6,1.9,2.8,4.2,27.6,,112,108
427,Jared Rhoden,SG,24,DET,13,0,154,5.7,12.0,.474,1.6,5.0,.313,4.1,6.9,.591,1.6,2.5,.625,0.6,5.7,6.3,3.5,0.9,2.2,1.9,6.3,14.5,,107,120
428,Nick Richards,C,26,CHO,64,51,1702,7.3,10.6,.688,0.0,0.0,.000,7.3,10.5,.690,3.8,5.1,.733,4.9,10.5,15.4,1.5,0.7,2.2,2.0,4.8,18.3,,134,118
429,Josh Richardson,SG,30,MIA,43,6,1103,7.0,15.9,.444,3.0,8.7,.347,4.0,7.2,.561,2.3,2.5,.944,0.8,4.7,5.5,4.8,1.1,0.6,1.6,3.5,19.4,,116,116
430,Duncan Robinson,SF,29,MIA,67,35,1893,8.1,17.9,.453,5.0,12.5,.399,3.1,5.4,.579,2.1,2.4,.889,0.4,4.1,4.5,5.1,1.2,0.4,2.5,4.3,23.3,,116,117
431,Jerome Robinson,SG,26,GSW,20,0,73,6.1,21.0,.290,1.4,11.5,.118,4.7,9.5,.500,4.1,6.8,.600,0.7,3.4,4.1,3.4,0.0,2.0,1.4,3.4,17.6,,87,122
432,Mitchell Robinson,C,25,NYK,26,21,682,5.0,8.7,.569,0.0,0.0,,5.0,8.7,.569,1.5,4.1,.364,9.7,8.6,18.3,1.4,2.6,2.3,1.9,3.5,11.4,,125,110
433,Orlando Robinson,C,23,MIA,33,7,300,6.1,12.1,.500,1.3,2.5,.533,4.7,9.6,.491,3.2,4.2,.760,4.7,9.4,14.1,5.7,1.2,1.3,3.0,5.9,16.7,,120,113
434,Jeremiah Robinson-Earl,PF,23,NOP,34,1,321,6.5,13.7,.472,1.8,5.7,.324,4.6,8.0,.577,1.8,2.3,.800,3.4,7.8,11.2,3.2,1.5,0.6,2.3,3.7,16.6,,114,114
435,David Roddy,PF,22,TOT,63,13,1172,7.0,17.3,.404,2.0,6.9,.293,5.0,10.3,.480,2.0,2.9,.691,2.2,6.6,8.9,3.3,1.1,0.5,2.4,3.0,18.0,,99,118
436,Ryan Rollins,PG,21,WAS,10,0,66,9.3,18.0,.520,1.4,2.2,.667,7.9,15.8,.500,9.3,12.2,.765,1.4,6.5,7.9,7.9,5.8,2.2,5.0,5.0,29.5,,116,110
437,Derrick Rose,PG,35,MEM,24,7,399,9.5,20.5,.461,1.9,5.1,.366,7.6,15.4,.492,3.0,3.4,.889,0.9,4.7,5.6,9.7,1.0,0.2,3.9,2.6,23.8,,109,120
438,Terry Rozier,PG-SG,29,TOT,60,59,2019,10.9,24.6,.444,3.7,10.1,.364,7.2,14.4,.500,4.3,4.9,.869,0.9,5.3,6.1,8.4,1.5,0.5,2.6,2.5,29.8,,114,119
439,Rayan Rupert,SG,19,POR,34,7,472,4.5,12.6,.358,2.1,5.5,.385,2.4,7.2,.338,1.8,2.2,.810,1.9,5.8,7.7,4.8,1.1,0.3,2.6,5.1,12.9,,100,120
440,D'Angelo Russell,PG,27,LAL,72,65,2336,9.8,21.2,.463,4.5,10.7,.422,5.3,10.6,.504,3.0,3.7,.817,0.6,4.0,4.6,9.3,1.4,0.7,3.2,3.1,27.2,,117,120
441,Matt Ryan,SF,26,NOP,26,1,386,6.3,14.5,.434,5.2,11.6,.451,1.0,2.8,.364,1.7,1.8,.929,0.8,4.2,5.0,2.2,0.8,0.1,2.4,4.0,19.4,,114,119
442,Domantas Sabonis,C,27,SAC,77,77,2755,10.7,17.9,.597,0.6,1.4,.383,10.1,16.5,.616,4.9,6.9,.702,4.9,13.9,18.7,11.3,1.2,0.8,4.5,4.1,26.8,,128,114
443,Luka Šamanić,PF,24,UTA,38,3,274,6.8,18.1,.373,2.0,7.8,.250,4.8,10.3,.466,5.0,6.4,.778,2.1,11.2,13.3,1.8,0.4,1.2,2.8,4.6,20.4,,99,121
444,Jermaine Samuels,SF,25,HOU,12,0,55,8.0,11.6,.692,0.0,1.8,.000,8.0,9.8,.818,1.8,1.8,1.000,2.7,8.0,10.7,1.8,0.9,0.9,0.0,3.6,17.8,,156,115
445,Adama Sanogo,PF,21,CHI,5,0,14,14.4,14.4,1.000,0.0,0.0,,14.4,14.4,1.000,7.2,10.8,.667,10.8,18.0,28.8,0.0,0.0,0.0,3.6,0.0,36.0,,158,115
446,Gui Santos,PF,21,GSW,20,0,158,6.9,13.8,.500,2.8,6.9,.409,4.1,6.9,.591,4.4,4.7,.933,4.7,9.1,13.8,3.4,0.9,0.6,2.2,5.9,21.0,,135,118
447,Dario Šarić,C,29,GSW,62,9,1080,8.1,17.4,.465,3.3,8.9,.376,4.8,8.6,.556,3.5,4.1,.854,3.2,9.4,12.7,6.5,1.4,0.4,3.4,5.1,23.0,,121,117
448,Olivier Sarr,C,24,OKC,14,0,95,5.7,9.8,.579,1.0,3.1,.333,4.6,6.7,.692,5.1,7.7,.667,5.1,12.8,18.0,1.0,0.0,3.6,1.5,9.2,17.5,,136,111
449,Marcus Sasser,PG,23,DET,67,7,1228,7.6,18.0,.425,3.2,8.4,.376,4.5,9.5,.469,1.9,2.3,.860,0.4,4.2,4.6,8.5,1.6,0.4,3.1,3.9,20.4,,109,122
450,Admiral Schofield,PF,26,ORL,21,0,79,5.7,15.1,.375,3.2,9.5,.333,2.5,5.7,.444,0.0,1.3,.000,1.3,8.2,9.5,3.8,0.6,0.0,2.5,5.0,14.5,,93,115
451,Dennis Schröder,PG,30,TOT,78,56,2420,8.1,18.3,.440,2.8,7.2,.384,5.3,11.1,.477,3.5,4.2,.830,0.8,3.9,4.6,9.6,1.2,0.3,3.1,3.2,22.4,,115,123
452,Dereon Seabron,SG,23,NOP,6,0,55,3.6,11.7,.308,0.9,1.8,.500,2.7,9.9,.273,4.5,5.4,.833,0.9,5.4,6.3,4.5,1.8,0.9,0.0,3.6,12.6,,115,115
453,Alperen Sengun,C,21,HOU,63,63,2046,12.6,23.5,.537,0.8,2.7,.297,11.8,20.9,.567,5.8,8.4,.693,4.4,9.7,14.1,7.5,1.8,1.1,3.9,5.1,31.9,,119,112
454,Brice Sensabaugh,SF,20,UTA,27,10,463,6.8,17.6,.389,2.7,9.6,.286,4.1,8.0,.513,2.7,3.2,.867,1.3,7.4,8.6,4.8,1.2,0.3,4.3,3.6,19.1,,96,123
455,Collin Sexton,SG,25,UTA,77,50,2048,11.9,24.3,.490,3.0,7.7,.396,8.9,16.6,.533,7.4,8.7,.860,1.7,3.1,4.8,8.9,1.5,0.4,3.9,3.7,34.3,,123,125
456,Landry Shamet,SG,26,WAS,46,5,726,7.7,17.9,.431,3.5,10.3,.338,4.2,7.6,.556,2.5,3.0,.826,1.0,3.0,4.1,3.5,1.6,0.7,2.0,5.0,21.4,,108,123
457,Day'Ron Sharpe,C,22,BRK,59,1,886,9.2,16.0,.576,0.2,0.8,.286,9.0,15.2,.591,4.2,6.9,.610,8.7,12.5,21.3,4.6,1.3,2.3,3.8,7.2,22.8,,121,113
458,Shaedon Sharpe,SG,20,POR,32,25,1059,8.3,20.4,.406,2.8,8.4,.333,5.4,11.9,.457,4.6,5.6,.824,2.0,5.5,7.5,4.4,1.3,0.6,3.4,4.1,23.9,,105,120
459,Ben Sheppard,SG,22,IND,53,1,727,5.4,13.4,.400,2.9,9.0,.319,2.5,4.4,.567,1.5,1.7,.885,0.8,4.4,5.2,3.0,2.0,0.1,0.9,5.3,15.1,,114,121
460,Pascal Siakam,PF,29,TOT,76,76,2541,12.3,23.1,.534,1.5,4.5,.340,10.8,18.6,.582,5.3,7.3,.730,2.5,7.7,10.2,6.4,1.2,0.4,2.6,3.4,31.5,,121,121
461,Ben Simmons,PG,27,BRK,15,12,359,6.0,10.3,.581,0.0,0.0,,6.0,10.3,.581,0.8,2.1,.400,4.3,12.2,16.6,12.0,1.7,1.3,3.8,5.0,12.8,,121,113
462,Kobi Simmons,PG,26,TOR,4,0,67,6.6,15.4,.429,1.5,5.9,.250,5.1,9.5,.538,0.0,0.0,,0.7,4.4,5.1,8.8,4.4,1.5,0.7,3.7,14.6,,117,115
463,Anfernee Simons,SG,24,POR,46,46,1582,11.3,26.3,.430,4.9,12.7,.385,6.4,13.6,.472,5.1,5.6,.916,0.7,4.6,5.2,8.0,0.7,0.2,4.0,3.1,32.6,,113,122
464,Zavier Simpson,PG,26,MEM,3,0,72,3.4,15.2,.227,2.1,5.5,.375,1.4,9.6,.143,2.1,2.8,.750,2.1,2.8,4.8,7.6,3.4,2.1,4.1,2.8,11.0,,80,114
465,Jericho Sims,C,25,NYK,44,10,562,3.5,4.9,.704,0.0,0.0,,3.5,4.9,.704,1.3,2.0,.636,4.9,8.1,13.0,2.2,0.7,1.6,1.5,3.8,8.2,,140,116
466,Dmytro Skapintsev,C,25,NYK,2,0,2,0.0,25.6,.000,0.0,0.0,,0.0,25.6,.000,0.0,0.0,,0.0,0.0,0.0,0.0,0.0,0.0,0.0,0.0,0.0,,0,125
467,Jalen Slawson,SF,24,SAC,10,0,33,4.5,7.4,.600,0.0,3.0,.000,4.5,4.5,1.000,0.0,0.0,,1.5,8.9,10.4,3.0,1.5,1.5,3.0,10.4,8.9,,98,115
468,Javonte Smart,PG,24,PHI,1,0,1,0.0,0.0,,0.0,0.0,,0.0,0.0,,0.0,0.0,,0.0,0.0,0.0,0.0,0.0,0.0,0.0,0.0,0.0,,,126
469,Marcus Smart,PG,29,MEM,20,20,605,8.4,19.4,.430,3.4,11.0,.313,4.9,8.4,.583,3.5,4.6,.768,0.5,3.9,4.3,7.1,3.4,0.4,5.1,4.3,23.7,,100,115
470,Dennis Smith Jr.,PG,26,BRK,56,2,1059,6.9,15.9,.435,1.5,5.1,.294,5.4,10.8,.502,2.0,2.7,.741,2.4,5.4,7.7,9.6,3.2,0.6,3.2,5.7,17.4,,111,115
471,Dru Smith,SG,26,MIA,9,0,131,5.8,12.7,.455,2.7,6.5,.412,3.1,6.2,.500,0.8,0.8,1.000,2.3,3.1,5.4,5.4,3.5,1.2,1.9,4.6,15.0,,119,111
472,Ish Smith,PG,35,CHO,43,5,741,4.4,10.6,.418,0.3,0.5,.500,4.2,10.1,.413,0.2,0.3,.750,0.7,4.4,5.1,9.7,1.1,0.3,3.2,3.3,9.3,,97,123
473,Jabari Smith Jr.,PF,20,HOU,71,71,2252,7.7,16.9,.454,2.8,7.7,.363,4.9,9.2,.530,3.2,3.8,.830,2.9,9.8,12.7,2.3,1.1,1.2,1.9,4.1,21.3,,117,113
474,Jalen Smith,C,23,IND,57,14,993,10.7,18.0,.592,2.8,6.6,.423,7.9,11.4,.689,3.5,5.0,.692,5.0,10.5,15.5,2.8,0.7,1.8,2.0,5.7,27.5,,134,118
475,Nick Smith Jr.,SG,19,CHO,48,0,663,7.4,19.1,.388,4.0,9.6,.422,3.4,9.5,.354,0.8,1.0,.846,1.3,3.4,4.7,4.0,0.6,0.5,2.7,4.0,19.7,,98,124
476,Terquavion Smith,PG,21,PHI,13,0,75,12.0,28.6,.419,8.6,21.9,.394,3.3,6.6,.500,1.3,2.0,.667,0.0,2.0,2.0,7.3,5.3,0.0,3.3,4.0,33.9,,113,112
477,Jeremy Sochan,PF,20,SAS,74,73,2193,7.4,17.0,.438,1.5,5.0,.308,5.9,12.0,.492,2.4,3.2,.771,3.0,7.4,10.4,5.5,1.4,0.9,3.1,3.7,18.8,,104,119
478,Pat Spencer,PG,27,GSW,3,0,6,8.2,8.2,1.000,0.0,0.0,,8.2,8.2,1.000,0.0,0.0,,0.0,0.0,0.0,16.5,0.0,0.0,0.0,0.0,16.5,,214,127
479,Jaden Springer,SG-PG,21,TOT,45,1,448,5.8,15.1,.382,0.9,4.9,.182,4.9,10.2,.478,3.3,4.0,.833,3.7,4.0,7.7,4.4,3.0,1.6,3.3,6.7,15.8,,100,114
480,Lamar Stevens,PF,26,TOT,37,2,522,9.9,21.6,.458,1.1,3.9,.293,8.7,17.7,.495,3.4,4.6,.750,3.2,8.3,11.5,2.4,2.1,1.7,2.2,4.1,24.3,,105,113
481,Isaiah Stewart,PF,22,DET,46,45,1423,6.3,13.0,.487,2.3,6.0,.383,4.1,7.1,.575,2.2,2.9,.753,2.5,7.9,10.4,2.5,0.6,1.3,2.3,3.4,17.2,,114,121
482,Julian Strawther,SF,21,DEN,47,0,542,7.7,20.6,.371,3.8,12.9,.297,3.8,7.8,.494,2.1,2.7,.759,0.5,5.1,5.6,4.4,1.6,0.7,2.0,5.0,21.2,,102,117
483,Max Strus,SF,27,CLE,66,66,2112,6.9,16.4,.419,3.7,10.9,.344,3.1,5.6,.564,1.6,2.1,.793,1.4,6.0,7.5,6.0,1.5,0.7,2.5,3.9,19.2,,112,116
484,Jalen Suggs,SG,22,ORL,70,70,1879,8.2,17.6,.465,3.8,9.6,.397,4.4,8.0,.546,2.7,3.6,.756,1.2,4.5,5.7,5.0,2.7,1.1,3.4,5.1,22.8,,112,111
485,Cole Swider,SF,24,MIA,15,0,83,9.1,21.9,.417,6.1,17.0,.357,3.0,4.9,.625,1.2,1.2,1.000,0.6,3.6,4.3,2.4,0.6,0.6,4.9,1.2,25.5,,93,118
486,Jae'Sean Tate,SF,28,HOU,65,9,1031,5.1,10.9,.472,1.1,3.7,.299,4.0,7.2,.559,1.2,1.9,.667,2.9,6.5,9.4,3.0,2.0,0.7,1.8,6.5,12.6,,112,114
487,Jayson Tatum,PF,25,BOS,72,72,2576,12.7,26.9,.472,4.3,11.4,.378,8.4,15.5,.542,7.9,9.4,.834,1.3,10.2,11.4,6.8,1.4,0.8,3.6,2.7,37.6,,121,111
488,Terry Taylor,PF,24,CHI,31,0,188,5.4,10.5,.513,0.5,2.4,.222,4.8,8.0,.600,1.1,1.3,.800,4.6,5.4,9.9,2.7,1.3,0.5,1.9,4.6,12.3,,118,119
489,Garrett Temple,SG,37,TOR,23,1,212,5.3,13.4,.397,2.1,6.9,.300,3.2,6.5,.500,2.5,3.2,.786,2.1,5.3,7.4,3.7,2.3,0.5,2.1,4.6,15.3,,106,120
490,Dalen Terry,SG,21,CHI,54,1,578,4.5,11.0,.413,1.2,5.6,.219,3.3,5.4,.613,1.8,3.0,.618,2.1,6.2,8.3,6.2,2.0,1.1,2.3,5.8,12.1,,108,117
491,Daniel Theis,C,31,TOT,57,3,949,7.6,14.3,.530,1.3,3.3,.387,6.3,11.0,.572,1.8,2.4,.739,4.2,7.6,11.8,3.1,1.0,2.5,2.0,6.5,18.2,,122,117
492,Cam Thomas,SG,22,BRK,62,47,1938,12.7,28.7,.442,3.4,9.4,.358,9.3,19.3,.482,6.9,8.1,.850,0.7,4.5,5.2,4.7,1.1,0.4,2.9,3.4,35.5,,111,120
493,Isaiah Thomas,PG,34,PHO,4,0,14,7.0,21.1,.333,3.5,7.0,.500,3.5,14.0,.250,0.0,0.0,,0.0,0.0,0.0,7.0,0.0,0.0,0.0,0.0,17.6,,105,125
494,Amen Thompson,SF,21,HOU,57,18,1232,8.4,16.1,.523,0.3,2.2,.143,8.1,13.9,.585,3.7,5.4,.672,5.1,9.3,14.4,5.4,2.8,1.4,3.2,5.2,20.8,,116,110
495,Ausar Thompson,SF,21,DET,63,38,1583,7.1,14.7,.483,0.6,3.5,.186,6.5,11.3,.575,2.2,3.7,.597,4.0,8.4,12.3,3.7,2.1,1.8,2.6,5.4,17.1,,107,116
496,Klay Thompson,SF,33,GSW,73,59,2166,10.4,24.2,.428,5.7,14.8,.383,4.7,9.4,.500,2.6,2.8,.919,0.8,4.7,5.5,3.8,1.1,0.7,2.6,2.8,29.0,,113,121
497,Tristan Thompson,C,32,CLE,48,0,537,6.6,10.6,.619,0.0,0.1,.000,6.6,10.5,.625,1.4,4.7,.300,6.7,9.4,16.0,4.8,1.1,1.3,2.7,5.5,14.5,,120,114
498,JT Thor,PF,21,CHO,59,2,699,4.6,11.5,.401,1.6,5.0,.324,3.0,6.5,.462,0.6,1.1,.563,2.8,6.2,9.0,1.7,0.6,1.7,1.0,3.8,11.5,,104,121
499,Matisse Thybulle,SF,26,POR,65,19,1487,4.2,10.6,.397,2.7,7.7,.346,1.5,2.9,.535,0.7,1.0,.759,1.0,3.5,4.5,3.0,3.8,1.6,1.3,3.1,11.8,,111,114
500,Xavier Tillman Sr.,C-PF,25,TOT,49,14,914,5.9,14.0,.424,0.9,4.0,.219,5.1,10.0,.505,1.2,2.7,.449,3.7,7.3,11.0,3.9,2.6,2.2,1.7,3.9,13.9,,104,112
501,Jacob Toppin,SF,23,NYK,9,0,38,6.7,12.1,.556,1.3,5.4,.250,5.4,6.7,.800,2.7,2.7,1.000,4.0,5.4,9.4,4.0,0.0,1.3,1.3,4.0,17.5,,142,119
502,Obi Toppin,PF,25,IND,78,28,1665,8.9,15.6,.572,2.7,6.8,.403,6.2,8.8,.701,2.1,2.7,.760,2.3,6.4,8.8,3.3,1.2,1.2,1.9,3.9,22.6,,129,120
503,Juan Toscano-Anderson,SF,30,SAC,11,0,53,2.8,11.1,.250,0.9,3.7,.250,1.8,7.4,.250,0.0,0.0,,3.7,9.2,12.9,3.7,0.9,0.9,1.8,10.2,6.5,,84,117
504,Karl-Anthony Towns,PF,28,MIN,60,60,1969,12.0,23.7,.506,3.4,8.1,.423,8.6,15.7,.550,6.4,7.3,.874,2.3,10.5,12.8,4.6,1.1,1.0,4.3,5.0,33.8,,116,109
505,Gary Trent Jr.,SG,25,TOR,67,37,1873,8.8,20.5,.428,4.5,11.2,.403,4.3,9.4,.458,1.8,2.3,.775,0.6,3.9,4.5,2.8,1.8,0.3,1.1,2.3,23.9,,112,122
506,Oscar Tshiebwe,PF,24,IND,8,0,42,11.3,22.7,.500,0.0,0.0,,11.3,22.7,.500,6.8,9.1,.750,9.1,9.1,18.1,2.3,2.3,1.1,0.0,3.4,29.5,,133,116
507,P.J. Tucker,PF,38,TOT,27,6,419,1.7,5.1,.326,1.3,3.7,.355,0.4,1.4,.250,0.4,0.4,1.000,2.9,6.0,8.9,1.7,1.7,0.8,1.0,6.3,5.0,,115,118
508,Myles Turner,C,27,IND,73,73,1968,10.8,20.8,.518,2.6,7.3,.354,8.2,13.5,.607,5.6,7.2,.774,2.6,9.4,12.1,2.2,0.9,3.3,2.5,5.4,29.7,,120,116
509,Hunter Tyson,PF,23,DEN,15,0,44,9.2,21.9,.421,4.6,15.0,.308,4.6,6.9,.667,0.0,0.0,,1.2,9.2,10.4,2.3,0.0,0.0,2.3,11.5,23.0,,101,118
510,Stanley Umude,SG,24,DET,24,2,307,5.9,13.3,.440,3.8,8.4,.453,2.1,4.9,.419,4.6,5.1,.906,1.3,6.8,8.1,1.7,1.3,1.1,2.2,6.3,20.1,,120,120
511,Jonas Valančiūnas,C,31,NOP,77,77,1843,10.3,18.3,.564,1.0,3.1,.325,9.3,15.3,.612,4.2,5.2,.795,4.8,13.7,18.6,4.4,0.8,1.8,2.8,5.6,25.8,,125,110
512,Jarred Vanderbilt,PF,24,LAL,29,6,581,4.9,9.5,.518,0.7,2.2,.296,4.2,7.2,.586,2.0,3.0,.667,3.4,8.1,11.5,3.0,3.0,0.4,2.3,3.6,12.5,,113,114
513,Fred VanVleet,PG,29,HOU,70,70,2562,7.4,18.1,.412,4.0,10.6,.379,3.4,7.5,.458,3.4,4.0,.865,0.6,4.5,5.0,10.8,1.9,1.1,2.3,3.3,22.3,,123,115
514,Devin Vassell,SG,23,SAS,68,62,2248,10.6,22.6,.472,3.5,9.5,.372,7.1,13.0,.544,3.4,4.3,.801,0.6,5.0,5.6,5.9,1.6,0.5,2.3,1.6,28.3,,114,120
515,Sasha Vezenkov,PF,28,SAC,39,0,487,8.2,18.5,.446,4.4,11.6,.383,3.8,6.9,.551,1.2,1.5,.800,3.0,6.3,9.4,1.9,1.9,0.7,1.2,4.0,22.1,,118,117
516,Gabe Vincent,PG,27,LAL,8,0,170,3.7,11.1,.333,0.6,5.7,.100,3.1,5.4,.579,0.3,0.6,.500,0.9,1.1,2.0,5.1,2.0,0.0,1.1,4.5,8.2,,91,121
517,Nikola Vučević,C,33,CHI,72,70,2460,11.3,23.5,.479,1.8,6.1,.291,9.5,17.4,.545,2.0,2.4,.821,4.1,11.7,15.8,5.0,1.0,1.2,2.4,3.7,26.2,,113,116
518,Tristan Vukcevic,C,20,WAS,8,2,108,8.8,20.2,.435,3.1,10.5,.292,5.7,9.7,.591,3.5,4.8,.727,1.3,10.1,11.4,3.5,1.8,1.3,2.2,8.8,24.2,,106,117
519,Dean Wade,PF,27,CLE,54,32,1108,4.4,10.5,.414,3.6,9.2,.391,0.8,1.4,.567,0.9,1.2,.769,1.7,8.2,9.9,2.0,1.8,1.1,0.9,4.2,13.2,,122,113
520,Franz Wagner,SF,22,ORL,69,69,2249,11.2,23.2,.481,2.0,7.1,.283,9.2,16.1,.569,5.7,6.8,.843,1.5,6.6,8.1,5.8,1.6,0.6,3.0,3.6,30.1,,116,113
521,Moritz Wagner,C,26,ORL,75,1,1326,11.7,19.3,.603,1.4,4.1,.339,10.3,15.2,.674,5.9,7.3,.805,4.2,8.1,12.3,3.5,1.3,0.8,3.4,5.6,30.6,,127,112
522,Ish Wainright,SF,29,TOT,10,0,61,5.7,19.5,.292,5.7,16.2,.350,0.0,3.2,.000,1.6,1.6,1.000,2.4,8.9,11.4,0.8,3.2,0.8,1.6,6.5,18.7,,98,112
523,Jabari Walker,SF,21,POR,68,19,1587,6.8,14.7,.464,1.2,4.1,.290,5.6,10.6,.531,3.8,5.0,.755,4.2,10.1,14.4,2.2,1.3,0.7,1.9,5.1,18.6,,115,117
524,Jarace Walker,PF,20,IND,31,0,328,6.1,15.3,.400,2.9,7.6,.385,3.2,7.7,.415,1.2,1.3,.889,1.7,6.7,8.4,5.7,2.0,1.6,2.3,4.2,16.3,,108,117
525,Lonnie Walker IV,SG,25,BRK,55,0,923,10.5,24.6,.427,5.5,13.7,.399,5.0,10.9,.463,2.3,3.1,.754,0.6,5.6,6.2,3.6,1.6,0.9,2.6,3.6,28.8,,107,118
526,Cason Wallace,SG,20,OKC,77,11,1591,6.3,12.7,.494,2.8,6.7,.417,3.5,6.0,.579,0.9,1.1,.784,1.5,3.9,5.3,3.3,2.1,1.0,1.4,3.8,16.3,,122,116
527,Jordan Walsh,SF,19,BOS,7,0,46,3.2,9.7,.333,0.0,5.4,.000,3.2,4.3,.750,0.0,0.0,,4.3,10.8,15.1,4.3,2.2,1.1,2.2,7.6,6.5,,95,108
528,T.J. Warren,SF,30,MIN,10,0,123,7.3,16.7,.439,0.8,5.3,.154,6.5,11.4,.571,1.2,1.6,.750,2.0,6.9,9.0,3.7,1.6,0.4,1.6,4.5,16.7,,103,111
529,P.J. Washington,PF,25,TOT,69,41,2100,8.0,18.1,.440,3.0,9.2,.325,5.0,9.0,.558,2.3,3.3,.686,1.9,7.1,9.0,3.1,1.6,1.3,2.2,3.8,21.2,,107,118
530,TyTy Washington Jr.,PG,22,MIL,6,0,30,3.2,14.6,.222,3.2,6.5,.500,0.0,8.1,.000,0.0,0.0,,1.6,3.2,4.9,1.6,3.2,0.0,3.2,1.6,9.7,,68,117
531,Yuta Watanabe,SF,29,TOT,34,0,464,4.4,12.3,.353,2.7,9.0,.294,1.7,3.3,.516,1.1,1.8,.588,1.2,4.6,5.7,1.6,1.3,0.7,2.0,4.1,12.4,,93,118
532,Lindy Waters III,SG,26,OKC,34,0,235,7.5,17.4,.429,5.4,14.1,.382,2.1,3.3,.625,0.4,0.4,1.000,1.5,6.2,7.7,4.2,0.8,1.2,1.2,4.2,20.8,,121,117
533,Trendon Watford,PF,23,BRK,59,0,732,9.8,18.1,.543,1.6,3.9,.404,8.3,14.2,.582,4.6,5.6,.829,3.2,7.6,10.9,4.5,1.5,1.2,3.5,6.5,25.9,,119,117
534,Peyton Watson,SF,21,DEN,76,4,1395,7.1,15.4,.466,1.6,5.4,.295,5.6,9.9,.558,2.5,3.7,.676,1.9,6.7,8.6,2.8,1.5,2.9,2.0,4.9,18.4,,109,114
535,Victor Wembanyama,C,20,SAS,68,68,1996,12.5,26.9,.463,2.8,8.8,.322,9.6,18.1,.533,6.8,8.5,.796,3.8,13.5,17.3,6.2,2.1,5.7,5.8,3.6,34.6,,105,108
536,Blake Wesley,SG,20,SAS,56,1,761,5.4,11.5,.467,0.5,2.9,.174,4.9,8.6,.566,2.8,4.4,.643,1.0,3.9,4.9,9.7,1.6,0.6,2.9,5.0,14.1,,111,120
537,Russell Westbrook,PG,35,LAC,65,10,1455,10.0,21.8,.457,1.4,5.1,.270,8.6,16.7,.513,3.7,5.4,.692,3.1,8.0,11.1,9.8,2.4,0.8,4.7,3.9,25.0,,108,115
538,Coby White,PG,23,CHI,74,73,2694,9.4,21.1,.444,3.8,9.9,.381,5.6,11.2,.499,3.9,4.6,.842,0.8,5.7,6.4,7.1,0.9,0.3,2.9,3.3,26.4,,115,121
539,Derrick White,SG,29,BOS,70,70,2290,8.2,17.6,.466,4.1,10.3,.402,4.1,7.3,.556,2.9,3.3,.900,1.1,5.5,6.6,7.9,1.5,1.9,2.3,3.2,23.5,,128,113
540,Cam Whitmore,SF,19,HOU,42,1,767,12.1,26.5,.458,4.4,12.2,.361,7.7,14.3,.540,4.3,6.5,.663,2.6,7.7,10.3,1.3,1.7,0.8,2.7,3.3,33.0,,108,114
541,Aaron Wiggins,SG,25,OKC,73,3,1114,8.0,14.3,.560,2.4,5.0,.487,5.6,9.4,.598,2.1,2.7,.787,2.5,4.9,7.4,3.2,2.0,0.8,2.3,3.7,20.5,,125,116
542,Andrew Wiggins,SF,28,GSW,67,55,1808,9.0,20.0,.451,2.3,6.3,.358,6.8,13.6,.495,3.5,4.7,.743,2.9,5.4,8.3,3.1,1.1,1.0,2.2,3.7,23.8,,113,120
543,Lindell Wigginton,PG,25,MIL,3,0,8,12.1,30.3,.400,0.0,12.1,.000,12.1,18.2,.667,12.1,12.1,1.000,0.0,0.0,0.0,0.0,0.0,0.0,6.1,6.1,36.4,,90,126
544,Alondes Williams,SG,24,MIA,4,0,11,4.6,18.4,.250,0.0,9.2,.000,4.6,9.2,.500,4.6,4.6,1.000,0.0,4.6,4.6,0.0,0.0,0.0,4.6,0.0,13.8,,59,120
545,Brandon Williams,PG,24,DAL,13,0,60,6.5,18.6,.348,1.6,5.7,.286,4.9,12.9,.375,4.9,8.9,.545,2.4,3.2,5.7,9.7,0.8,0.8,2.4,1.6,19.4,,104,121
546,Grant Williams,PF,25,TOT,73,40,2033,6.2,13.9,.449,2.9,7.9,.371,3.3,6.0,.550,2.4,3.1,.754,2.0,5.4,7.4,3.9,1.0,0.9,2.5,5.2,17.8,,112,120
547,Jalen Williams,PF,22,OKC,67,67,2124,11.8,21.9,.540,2.3,5.3,.431,9.5,16.6,.576,4.1,5.0,.813,0.9,5.3,6.1,7.1,1.7,1.0,2.7,4.0,30.1,,123,116
548,Jaylin Williams,C,21,OKC,64,1,823,4.9,12.2,.400,2.7,7.8,.351,2.1,4.4,.486,2.0,2.4,.825,2.0,10.7,12.7,5.9,1.5,1.5,1.9,5.4,14.4,,118,112
549,Jeenathan Williams,SG,24,HOU,20,0,107,9.6,18.8,.512,0.5,1.8,.250,9.2,16.9,.541,3.2,4.6,.700,5.0,4.1,9.2,3.2,1.4,0.0,0.9,4.6,22.9,,124,118
550,Kenrich Williams,PF,29,OKC,64,1,946,6.2,13.1,.476,2.7,6.8,.397,3.6,6.3,.561,0.4,0.7,.500,3.1,7.0,10.1,4.1,1.9,0.5,1.2,4.9,15.5,,124,115
551,Malik Williams,C,25,TOR,2,1,33,0.0,10.4,.000,0.0,3.0,.000,0.0,7.4,.000,0.0,0.0,,1.5,5.9,7.4,1.5,1.5,4.5,1.5,1.5,0.0,,19,117
552,Mark Williams,C,22,CHO,19,19,508,9.6,14.8,.649,0.0,0.0,,9.6,14.8,.649,4.5,6.3,.719,7.4,10.6,18.0,2.2,1.6,2.0,1.7,4.9,23.7,,138,116
553,Patrick Williams,PF,22,CHI,43,30,1174,6.8,15.4,.443,2.5,6.4,.399,4.3,9.1,.474,2.2,2.8,.788,2.0,5.2,7.1,2.8,1.7,1.4,2.4,3.7,18.4,,108,118
554,Robert Williams,C,26,POR,6,0,119,7.1,10.9,.654,0.0,0.0,,7.1,10.9,.654,2.9,3.8,.778,4.6,11.3,15.9,2.1,2.9,2.9,2.9,7.1,17.1,,123,110
555,Vince Williams Jr.,SG,23,MEM,52,33,1436,5.8,13.1,.446,2.7,7.2,.378,3.1,5.9,.529,3.6,4.5,.800,2.0,8.0,10.0,6.0,1.6,1.2,3.2,4.7,18.0,,115,115
556,Ziaire Williams,SF,22,MEM,51,15,1038,7.2,18.1,.397,2.8,9.0,.307,4.4,9.0,.487,3.0,3.6,.827,1.7,6.9,8.6,3.6,1.7,0.4,3.2,4.1,20.1,,99,117
557,Zion Williamson,PF,23,NOP,65,65,2032,14.0,24.2,.581,0.1,0.3,.357,13.9,23.8,.584,7.8,11.2,.694,2.7,6.3,9.1,7.9,1.6,0.9,4.3,3.7,36.0,,120,114
558,D.J. Wilson,PF,27,PHI,2,0,15,13.3,19.9,.667,6.6,6.6,1.000,6.6,13.3,.500,0.0,0.0,,3.3,3.3,6.6,6.6,0.0,6.6,0.0,3.3,33.2,,174,116
559,Jalen Wilson,PF,23,BRK,39,2,548,5.7,13.1,.438,1.9,5.4,.356,3.8,7.7,.494,3.1,3.6,.850,3.6,5.7,9.4,3.6,0.7,0.1,1.5,3.6,16.5,,122,121
560,Dylan Windler,SF,27,TOT,16,0,82,6.5,13.7,.478,5.3,11.9,.450,1.2,1.8,.667,0.0,0.0,,0.6,7.1,7.7,5.3,1.2,0.0,0.6,3.0,18.4,,142,121
561,James Wiseman,C,22,DET,59,4,977,8.6,13.5,.635,0.0,0.1,.000,8.6,13.4,.639,3.0,4.3,.701,4.9,9.9,14.8,2.3,0.5,1.8,3.2,6.7,20.1,,119,119
562,Isaiah Wong,SG,23,IND,1,0,4,11.9,35.7,.333,0.0,11.9,.000,11.9,23.8,.500,0.0,0.0,,0.0,0.0,0.0,0.0,0.0,0.0,0.0,0.0,23.8,,70,128
563,Christian Wood,PF,28,LAL,50,1,872,6.8,14.6,.466,1.9,6.3,.307,4.9,8.3,.587,3.7,5.2,.702,2.2,11.9,14.1,2.7,0.9,1.8,2.8,4.0,19.2,,107,114
564,Delon Wright,PG,31,TOT,44,1,674,4.7,12.4,.376,1.4,4.2,.345,3.2,8.3,.391,2.5,3.1,.814,1.2,4.5,5.7,7.8,3.4,0.7,0.9,2.1,13.3,,117,116
565,Thaddeus Young,PF,35,TOT,30,6,410,7.5,12.3,.612,0.1,0.7,.167,7.4,11.6,.639,0.6,1.7,.357,5.0,6.7,11.7,6.6,2.5,0.6,1.6,5.1,15.8,,132,118
566,Trae Young,PG,25,ATL,51,51,1862,10.9,25.7,.426,4.4,11.9,.371,6.5,13.7,.473,8.9,10.3,.856,0.6,3.1,3.7,14.4,1.8,0.3,5.7,2.8,35.1,,118,123
567,Omer Yurtseven,C,25,UTA,43,7,427,8.6,15.7,.543,0.6,2.3,.250,8.0,13.5,.593,1.6,2.5,.636,6.6,11.3,17.9,2.5,0.7,2.1,3.5,5.5,19.3,,111,119
568,Cody Zeller,C,31,NOP,40,0,304,4.1,9.7,.417,0.2,0.5,.333,3.9,9.3,.421,3.7,6.2,.605,7.6,10.1,17.7,5.8,1.5,0.8,2.4,6.8,12.0,,120,112
569,Ivica Zubac,C,26,LAC,65,65,1729,9.2,14.2,.647,0.0,0.0,,9.2,14.2,.647,3.5,4.8,.721,5.5,12.0,17.4,2.6,0.6,2.3,2.1,5.2,21.9,,134,115
