Rk,Player,Pos,Age,Tm,G,MP,PER,TS%,3PAr,FTr,ORB%,DRB%,TRB%,AST%,STL%,BLK%,TOV%,USG%,Unnamed: 19,OWS,DWS,WS,WS/48,Unnamed: 24,OBPM,DBPM,BPM,VORP
1,Precious Achiuwa,PF-C,24,TOT,70,1577,14.9,.547,.208,.245,14.1,21.6,17.8,8.5,1.5,3.9,13.6,16.1,,1.2,2.1,3.3,.101,,-1.7,0.3,-1.3,0.3
2,Bam Adebayo,C,26,MIA,66,2257,20.2,.575,.032,.392,7.8,29.7,18.5,19.2,1.7,2.7,11.9,25.3,,2.5,4.1,6.6,.141,,1.0,1.7,2.6,2.7
3,Ochai Agbaji,SG,23,TOT,73,1492,7.9,.503,.503,.111,5.3,10.3,7.8,6.7,1.4,2.3,12.4,13.5,,-0.5,0.6,0.1,.003,,-3.3,-0.9,-4.3,-0.9
4,Santi Aldama,PF,23,MEM,61,1618,13.2,.539,.535,.153,4.9,20.9,12.6,13.3,1.3,3.1,10.2,18.1,,0.3,1.9,2.2,.066,,-0.7,0.5,-0.3,0.7
5,Nickeil Alexander-Walker,SG,25,MIN,77,1805,10.7,.578,.627,.118,2.3,7.9,5.3,14.3,1.6,1.9,12.1,14.5,,1.2,2.7,4.0,.105,,-1.3,1.5,0.2,1.0
6,Grayson Allen,SG,28,PHO,70,2351,13.9,.687,.652,.221,2.4,10.5,6.7,12.4,1.3,1.6,11.4,14.4,,4.5,2.1,6.5,.133,,1.2,0.1,1.3,1.9
7,Jarrett Allen,C,25,CLE,73,2313,21.7,.661,.006,.387,12.2,27.3,19.9,13.2,1.1,3.0,11.2,19.6,,6.2,3.7,9.9,.205,,2.0,1.0,3.0,2.9
8,Timmy Allen,SF,24,MEM,1,26,-6.5,.167,.500,.000,0.0,9.3,4.5,0.0,0.0,0.0,14.3,11.7,,-0.1,0.0,-0.1,-0.199,,-13.2,-3.6,-16.8,-0.1
9,Jose Alvarado,PG,25,NOP,51,908,12.6,.532,.576,.162,2.8,11.5,7.2,15.8,3.0,1.6,10.3,17.7,,0.3,1.4,1.8,.093,,-1.6,1.7,0.1,0.5
10,Kyle Anderson,PF,30,MIN,74,1688,13.1,.526,.108,.322,4.4,13.9,9.4,25.6,1.9,2.2,15.8,14.5,,1.5,3.0,4.5,.128,,-1.2,2.8,1.5,1.5
11,Giannis Antetokounmpo,PF,29,MIL,71,2500,29.9,.650,.092,.575,9.0,28.5,19.0,32.3,1.7,2.5,12.6,33.2,,9.0,3.6,12.6,.242,,6.7,2.4,9.1,7.0
12,Thanasis Antetokounmpo,PF,31,MIL,29,136,4.2,.484,.038,.077,5.2,5.0,5.1,12.8,1.8,2.5,30.9,12.4,,-0.2,0.1,-0.1,-0.031,,-7.6,-0.1,-7.7,-0.2
13,Cole Anthony,PG,23,ORL,76,1727,14.7,.544,.368,.293,4.3,16.7,10.4,19.9,1.8,1.9,12.6,23.6,,0.7,2.7,3.5,.096,,-0.6,0.7,0.1,0.9
14,OG Anunoby,SF,26,TOT,45,1527,13.1,.602,.473,.167,3.2,11.6,7.4,9.3,1.9,1.9,11.4,17.7,,1.1,1.3,2.4,.075,,-0.8,0.6,-0.2,0.7
15,Ryan Arcidiacono,PG,29,NYK,20,45,-1.8,.000,1.000,.000,0.0,21.3,10.6,10.4,2.3,0.0,25.0,7.7,,-0.1,0.1,-0.1,-0.089,,-11.6,2.0,-9.6,-0.1
16,Deni Avdija,SF,23,WAS,71,2112,15.0,.598,.288,.330,4.4,23.3,13.6,17.7,1.3,1.2,14.9,20.1,,1.4,1.5,2.9,.067,,-0.6,-0.1,-0.7,0.7
17,Deandre Ayton,C,25,POR,51,1656,18.8,.594,.007,.116,10.9,30.2,20.0,8.8,1.5,2.2,11.7,20.6,,1.6,2.1,3.7,.108,,0.5,-0.3,0.2,0.9
18,Udoka Azubuike,C,24,PHO,16,113,12.2,.609,.000,.565,12.0,20.4,16.4,3.6,0.4,4.7,12.2,12.6,,0.1,0.1,0.2,.098,,-3.0,-0.2,-3.2,0.0
19,Ibou Badji,C,21,POR,21,216,8.4,.633,.000,.600,10.2,17.8,13.7,8.0,0.5,8.4,35.6,7.8,,0.0,0.2,0.2,.054,,-7.4,1.9,-5.5,-0.2
20,Marvin Bagley III,C,24,TOT,50,1053,19.4,.629,.056,.309,13.8,20.1,16.9,8.1,0.9,2.6,11.3,21.1,,1.9,0.7,2.6,.118,,1.0,-1.4,-0.4,0.4
Rk,Player,Pos,Age,Tm,G,MP,PER,TS%,3PAr,FTr,ORB%,DRB%,TRB%,AST%,STL%,BLK%,TOV%,USG%,,OWS,DWS,WS,WS/48,,OBPM,DBPM,BPM,VORP
21,Amari Bailey,PG,19,CHO,8,31,1.1,.272,.417,.167,7.2,0.0,3.7,8.8,1.6,0.0,7.2,19.8,,-0.1,0.0,-0.1,-0.191,,-8.5,-3.9,-12.4,-0.1
22,Patrick Baldwin Jr.,SF,21,WAS,34,348,6.7,.424,.613,.189,4.5,24.2,14.1,7.3,1.5,2.6,11.7,16.6,,-0.6,0.3,-0.3,-0.040,,-6.1,-0.7,-6.7,-0.4
23,LaMelo Ball,PG,22,CHO,22,711,20.8,.561,.466,.246,4.5,14.0,9.1,43.2,2.8,0.5,15.0,34.4,,0.4,0.6,1.0,.070,,3.8,-0.5,3.3,0.9
24,Mo Bamba,C,25,PHI,53,703,15.6,.583,.319,.255,11.9,25.0,18.4,7.8,1.6,7.1,15.7,15.3,,0.6,1.2,1.8,.122,,-2.2,1.2,-0.9,0.2
25,Paolo Banchero,PF,21,ORL,75,2618,17.4,.549,.249,.395,3.5,20.0,11.7,25.1,1.3,1.6,13.2,29.7,,0.8,4.0,4.8,.088,,1.4,0.1,1.4,2.3
26,Desmond Bane,SG,25,MEM,42,1443,18.4,.589,.464,.207,2.8,12.5,7.4,29.3,1.5,1.4,11.7,28.8,,1.6,1.3,2.9,.096,,3.0,-0.3,2.8,1.7
27,Dalano Banton,PG,24,TOT,50,902,13.7,.515,.379,.242,4.9,15.9,10.1,18.4,1.5,1.7,12.1,24.8,,-0.2,0.9,0.7,.036,,-0.5,-0.7,-1.2,0.2
28,Dominick Barlow,PF,20,SAS,33,420,14.6,.548,.080,.372,11.9,18.6,15.2,11.7,1.4,2.8,6.4,14.2,,0.6,0.4,1.0,.120,,-1.7,-0.1,-1.8,0.0
29,Harrison Barnes,PF,31,SAC,77,2238,11.7,.614,.531,.250,3.1,8.9,5.9,5.3,1.1,0.4,6.8,15.7,,2.7,1.4,4.1,.087,,-0.7,-1.4,-2.0,0.0
30,Scottie Barnes,SG,22,TOR,60,2094,19.4,.566,.314,.266,7.7,20.0,13.7,26.2,1.8,3.7,13.6,25.0,,2.1,2.0,4.1,.094,,2.8,0.9,3.7,3.0
31,RJ Barrett,SG,23,TOT,55,1736,16.2,.578,.291,.330,3.2,16.7,9.9,16.3,0.9,1.1,10.6,26.3,,1.5,1.2,2.7,.074,,0.7,-1.4,-0.8,0.5
32,Charles Bassey,C,23,SAS,19,205,17.7,.739,.025,.150,12.5,29.6,20.9,14.1,1.9,6.9,26.0,11.9,,0.3,0.4,0.6,.150,,-1.8,3.1,1.3,0.2
33,Emoni Bates,SF,20,CLE,13,102,6.1,.439,.757,.108,1.2,11.5,6.4,9.2,0.5,1.8,4.9,17.8,,-0.1,0.1,0.0,-0.011,,-3.2,-1.9,-5.0,-0.1
34,Keita Bates-Diop,SF,28,TOT,53,665,11.5,.534,.416,.253,5.7,13.1,9.6,7.4,1.9,2.9,7.5,13.0,,0.5,0.8,1.2,.090,,-1.4,0.4,-1.0,0.2
35,Nicolas Batum,PF,35,TOT,56,1404,10.6,.620,.720,.089,5.4,13.5,9.4,10.8,1.5,2.4,13.7,8.8,,1.6,1.4,3.0,.103,,-1.0,0.7,-0.3,0.6
36,Darius Bazley,PF,23,TOT,4,43,8.6,.536,.333,.556,2.7,16.0,9.3,5.4,3.4,2.1,26.3,14.9,,-0.1,0.0,0.0,-0.034,,-4.8,0.1,-4.7,0.0
37,Bradley Beal,SG,30,PHO,48,1583,15.1,.588,.321,.186,3.5,10.9,7.4,22.8,1.5,1.0,14.4,22.6,,1.4,1.4,2.9,.087,,-0.1,-0.8,-0.9,0.4
38,Malik Beasley,SG,27,MIL,74,2214,10.5,.605,.751,.051,2.2,12.1,7.3,6.0,1.3,0.3,6.9,14.7,,1.8,1.5,3.4,.073,,-0.9,-0.8,-1.7,0.2
39,MarJon Beauchamp,SF,23,MIL,46,593,9.0,.582,.459,.178,4.4,14.2,9.4,6.5,1.0,0.9,13.8,14.3,,0.1,0.4,0.6,.046,,-2.7,-1.0,-3.7,-0.2
40,Jules Bernard,SG,24,WAS,16,113,12.0,.514,.500,.160,6.9,9.2,8.0,16.3,0.8,0.7,7.0,21.6,,0.0,0.0,0.0,.019,,-0.5,-2.3,-2.9,0.0
41,Dāvis Bertāns,PF,31,TOT,39,586,12.0,.584,.855,.160,1.7,9.0,5.3,8.0,1.9,1.4,5.7,17.1,,0.5,0.4,0.9,.074,,-0.6,-0.4,-1.0,0.1
42,Patrick Beverley,PG,35,TOT,69,1356,11.1,.526,.480,.244,3.7,14.5,9.1,18.8,1.5,2.0,13.7,14.5,,0.8,1.3,2.1,.076,,-1.9,0.3,-1.6,0.1
43,Saddiq Bey,SF,24,ATL,63,2062,13.1,.549,.514,.291,9.0,14.1,11.4,5.9,1.2,0.5,6.4,17.1,,2.7,0.7,3.4,.079,,0.2,-2.0,-1.8,0.1
44,Goga Bitadze,C,24,ORL,57,933,17.9,.636,.064,.404,13.7,22.1,17.9,11.8,1.6,7.1,14.9,13.2,,1.7,1.9,3.7,.189,,-0.5,2.8,2.3,1.0
45,Onuralp Bitim,SG,24,CHI,20,230,7.1,.502,.529,.059,3.0,12.4,7.6,7.7,0.7,0.9,9.1,14.7,,-0.1,0.1,0.1,.013,,-4.0,-1.3,-5.3,-0.2
46,Bismack Biyombo,C,31,TOT,38,761,9.5,.555,.000,.403,8.8,21.7,15.0,9.9,0.7,4.3,22.3,10.7,,0.0,0.9,0.9,.056,,-5.0,1.4,-3.6,-0.3
47,Anthony Black,PG,20,ORL,65,1134,8.4,.552,.376,.331,3.5,11.2,7.3,10.7,1.5,1.7,16.1,12.8,,0.1,1.6,1.6,.068,,-3.8,0.9,-2.9,-0.3
48,Leaky Black,SF,24,CHO,23,233,10.4,.573,.366,.341,3.8,15.8,9.6,10.9,1.1,3.2,9.6,9.9,,0.2,0.2,0.4,.074,,-3.0,0.0,-3.1,-0.1
49,Buddy Boeheim,SF,24,DET,7,66,9.4,.515,.840,.200,1.7,12.4,7.0,6.2,0.0,1.3,0.0,17.6,,0.1,0.0,0.1,.048,,-0.3,-2.3,-2.6,0.0
50,Bogdan Bogdanović,SG,31,ATL,75,2279,14.8,.569,.581,.145,2.5,11.1,6.6,14.8,2.0,1.0,8.5,22.4,,2.7,1.1,3.8,.080,,1.0,-0.6,0.3,1.4
51,Bojan Bogdanović,PF-SF,34,TOT,52,1391,12.4,.581,.494,.224,1.8,10.5,6.1,10.4,1.0,0.3,12.3,24.7,,0.1,0.7,0.8,.028,,-0.9,-2.5,-3.4,-0.5
52,Bol Bol,PF,24,PHO,39,445,19.2,.706,.340,.132,8.6,24.6,17.1,5.6,1.0,5.0,10.0,16.5,,1.0,0.7,1.6,.175,,1.7,0.9,2.6,0.5
53,Marques Bolden,C,25,TOT,7,55,13.4,.759,.000,.222,8.1,32.2,19.9,0.0,0.9,1.7,9.2,8.8,,0.1,0.1,0.1,.126,,-2.5,-0.8,-3.4,0.0
54,Devin Booker,PG,27,PHO,63,2252,22.2,.611,.313,.340,2.8,11.8,7.5,32.1,1.2,1.1,10.5,30.4,,6.4,2.0,8.4,.179,,4.3,-1.0,3.3,3.0
55,Brandon Boston Jr.,SF,22,LAC,28,249,9.2,.496,.321,.229,5.6,10.7,8.2,4.0,0.8,2.5,8.4,23.3,,-0.2,0.2,0.0,-0.009,,-5.6,-3.1,-8.7,-0.4
56,Chris Boucher,PF,31,TOR,50,705,16.0,.625,.433,.424,10.0,24.4,17.1,4.5,1.0,3.0,9.8,17.4,,1.1,0.6,1.7,.116,,-0.3,-1.4,-1.7,0.0
57,James Bouknight,SG,23,CHO,14,81,15.9,.597,.732,.049,1.4,11.7,6.4,12.2,0.6,1.2,4.6,24.0,,0.1,0.0,0.1,.063,,4.3,-2.2,2.1,0.1
58,Jamaree Bouyea,PG,24,POR,6,57,-4.6,.238,.381,.000,3.8,17.4,10.2,19.3,0.0,0.0,27.6,21.8,,-0.4,0.0,-0.4,-0.298,,-13.0,-4.9,-17.9,-0.2
59,Malaki Branham,PG,20,SAS,72,1503,8.8,.526,.419,.103,2.0,8.5,5.2,14.5,0.8,0.4,12.3,19.9,,-0.9,0.5,-0.4,-0.014,,-3.5,-2.3,-5.8,-1.5
60,Christian Braun,SG,22,DEN,78,1552,11.6,.547,.332,.278,5.7,16.2,11.1,9.7,1.2,1.8,9.4,15.8,,1.1,1.7,2.8,.087,,-2.1,-0.2,-2.3,-0.1
61,Mikal Bridges,SF,27,BRK,78,2758,15.1,.562,.452,.249,2.6,12.7,7.5,16.3,1.5,0.9,10.4,24.7,,1.8,2.2,3.9,.068,,0.8,-1.0,-0.2,1.2
62,Miles Bridges,SF,25,CHO,65,2461,15.5,.556,.373,.177,3.1,20.1,11.3,14.6,1.3,1.2,9.5,24.9,,0.4,1.7,2.1,.041,,0.3,-1.2,-1.0,0.6
63,Oshae Brissett,SF,25,BOS,51,584,12.6,.552,.397,.573,10.7,16.4,13.6,8.5,1.4,0.8,8.9,13.4,,0.9,0.8,1.7,.143,,-1.7,0.3,-1.4,0.1
64,Izaiah Brockington,PG,24,NOP,1,3,26.8,.400,.200,.000,38.3,37.4,37.9,0.0,0.0,0.0,0.0,72.7,,0.0,0.0,0.0,-0.184,,-9.2,-8.6,-17.8,0.0
65,Malcolm Brogdon,PG,31,POR,39,1121,17.0,.560,.401,.234,2.7,13.2,7.7,30.8,1.2,0.6,9.9,23.2,,1.8,0.7,2.5,.108,,2.7,-0.7,2.0,1.1
66,Armoni Brooks,PG,25,BRK,10,104,8.3,.448,.696,.043,7.4,12.5,9.9,6.8,0.5,0.9,6.0,20.9,,-0.1,0.1,0.0,-0.019,,-2.1,-3.7,-5.8,-0.1
67,Dillon Brooks,SF,28,HOU,68,2094,9.3,.547,.486,.192,2.5,9.7,6.1,7.6,1.4,0.4,9.7,17.6,,0.3,2.0,2.4,.054,,-3.4,-0.2,-3.5,-0.8
68,Bruce Brown,SG-PG,27,TOT,63,1776,11.5,.558,.286,.241,3.4,14.8,9.1,13.1,1.6,0.8,11.7,16.5,,1.0,1.1,2.0,.054,,-2.5,-0.9,-3.4,-0.6
69,Charlie Brown Jr.,SG,26,NYK,8,37,-3.1,.300,.700,.000,3.2,3.2,3.2,0.0,0.0,5.1,16.7,14.1,,-0.1,0.0,-0.1,-0.125,,-10.2,-3.4,-13.6,-0.1
70,Greg Brown III,PF,22,DAL,6,40,10.4,.501,.273,.818,8.6,17.0,12.8,12.9,0.0,8.8,21.1,20.4,,-0.1,0.0,0.0,-0.006,,-5.0,0.6,-4.4,0.0
71,Jaylen Brown,SF,27,BOS,67,2249,18.8,.583,.327,.244,4.1,13.8,9.1,17.0,1.7,1.3,10.5,28.9,,2.5,3.3,5.8,.125,,1.1,-0.1,1.0,1.7
72,Kendall Brown,SG,20,IND,13,50,8.7,.585,.091,.727,7.0,2.4,4.7,9.4,0.0,0.0,6.4,13.1,,0.1,0.0,0.1,.076,,-3.3,-2.1,-5.4,0.0
73,Kobe Brown,PF,24,LAC,40,308,6.5,.508,.582,.030,4.9,14.3,9.8,7.0,1.0,0.9,9.3,10.8,,0.1,0.2,0.3,.045,,-4.2,-0.1,-4.3,-0.2
74,Moses Brown,C,24,POR,20,170,13.3,.453,.000,.472,19.3,29.1,23.9,6.2,0.9,3.7,11.1,18.1,,-0.1,0.2,0.1,.033,,-4.7,-2.5,-7.2,-0.2
75,Troy Brown Jr.,SF,24,TOT,55,732,9.5,.538,.649,.171,3.8,16.7,10.4,10.0,1.2,0.2,11.3,14.8,,0.2,0.8,1.0,.063,,-2.0,0.0,-1.9,0.0
76,Jalen Brunson,PG,27,NYK,72,2537,22.7,.588,.321,.297,1.9,10.3,6.1,33.3,1.4,0.5,9.4,32.3,,7.6,2.2,9.8,.186,,5.8,-0.3,5.5,4.8
77,Thomas Bryant,C,26,MIA,37,418,18.3,.627,.151,.324,10.4,27.2,18.7,8.2,1.2,3.5,10.7,19.1,,0.7,0.7,1.4,.166,,-0.9,0.3,-0.7,0.1
78,Kobe Bufkin,SG,20,ATL,13,145,11.3,.448,.508,.063,2.3,16.4,9.1,21.8,2.0,2.5,8.5,20.5,,-0.1,0.1,0.0,.015,,-2.4,0.8,-1.6,0.0
79,Reggie Bullock,SF,32,HOU,39,367,7.4,.556,.816,.013,1.8,18.3,10.0,4.6,1.3,0.8,10.5,9.9,,0.0,0.5,0.5,.064,,-3.1,0.3,-2.7,-0.1
80,Alec Burks,SG,32,TOT,65,1200,12.8,.536,.581,.292,2.3,12.3,7.3,10.3,1.1,0.9,6.9,24.5,,0.6,0.7,1.3,.052,,-0.3,-2.1,-2.4,-0.1
81,Jared Butler,SG,23,WAS,36,467,13.6,.573,.421,.183,1.9,9.4,5.6,30.8,2.5,1.0,19.9,20.1,,0.1,0.3,0.4,.040,,-1.7,-0.4,-2.1,0.0
82,Jimmy Butler,PF,34,MIA,55,1870,21.9,.622,.181,.576,6.1,12.5,9.3,22.6,2.0,0.9,9.1,24.4,,5.6,2.4,8.0,.205,,3.9,0.6,4.5,3.1
83,Jamal Cain,PF,24,MIA,23,255,11.7,.544,.392,.291,6.9,10.0,8.4,5.7,2.0,1.9,8.2,17.1,,0.1,0.3,0.5,.085,,-2.4,0.2,-2.2,0.0
84,Kentavious Caldwell-Pope,SG,30,DEN,72,2293,10.8,.602,.526,.200,1.6,7.4,4.5,9.5,2.1,1.5,10.6,13.1,,2.1,2.3,4.4,.092,,-2.1,0.8,-1.3,0.4
85,Toumani Camara,PF,23,POR,70,1739,10.6,.547,.393,.226,8.8,14.5,11.5,7.1,1.9,1.7,14.9,13.9,,0.4,1.6,2.0,.056,,-3.1,-0.1,-3.1,-0.5
86,Clint Capela,C,29,ATL,70,1800,20.8,.589,.002,.341,20.1,27.8,23.8,6.8,1.1,5.2,9.6,17.5,,4.1,1.9,5.9,.158,,1.1,-1.0,0.0,0.9
87,Jevon Carter,PG,28,CHI,68,924,8.3,.492,.634,.021,1.1,5.9,3.5,11.9,1.8,1.6,9.2,17.6,,-0.5,0.6,0.1,.006,,-3.4,-0.6,-4.0,-0.5
88,Wendell Carter Jr.,C,24,ORL,50,1310,16.1,.628,.398,.337,9.3,24.0,16.6,10.1,1.2,1.9,12.6,17.2,,2.0,2.1,4.1,.151,,0.6,0.4,1.1,1.0
89,D.J. Carton,SG,23,TOR,4,36,9.6,.539,.500,.625,6.3,6.6,6.5,10.5,1.4,0.0,8.9,13.4,,0.0,0.0,0.0,.060,,-4.3,-1.2,-5.4,0.0
90,Alex Caruso,SG,29,CHI,68,1929,14.3,.609,.615,.177,3.5,12.3,7.8,15.8,2.9,3.6,14.6,15.0,,1.9,2.5,4.4,.110,,0.0,2.3,2.3,2.1
91,Colin Castleton,C,23,LAL,13,53,10.5,.654,.000,.333,11.7,12.6,12.2,7.4,0.9,0.0,17.9,13.8,,0.1,0.0,0.1,.098,,-4.9,-1.6,-6.5,-0.1
92,Malcolm Cazalon,SG,22,DET,1,3,0.0,,,,0.0,0.0,0.0,0.0,0.0,0.0,,0.0,,0.0,0.0,0.0,-0.011,,-6.0,-3.2,-9.1,0.0
93,Julian Champagnie,SF,22,SAS,69,1312,10.5,.561,.696,.209,3.3,12.7,7.9,9.1,1.6,2.6,11.1,14.2,,0.3,1.1,1.4,.052,,-1.9,-0.2,-2.1,0.0
94,Justin Champagnie,SF,22,WAS,12,183,14.8,.574,.633,.233,9.7,15.8,12.7,11.7,1.8,2.7,12.0,17.4,,0.2,0.1,0.3,.080,,0.2,-0.8,-0.6,0.1
95,Max Christie,SG,20,LAL,64,935,8.4,.542,.490,.184,2.0,14.9,8.8,8.0,1.0,1.6,11.9,13.7,,-0.2,0.8,0.6,.032,,-3.3,-0.4,-3.7,-0.4
96,Sidy Cissoko,SF,19,SAS,8,43,1.8,.342,.714,.571,0.0,18.7,9.2,0.0,3.3,0.0,18.6,10.6,,-0.1,0.1,-0.1,-0.060,,-11.2,-0.6,-11.8,-0.1
97,Brandon Clarke,PF,27,MEM,5,107,19.9,.539,.106,.149,13.5,20.3,16.8,15.3,1.9,4.4,5.7,21.5,,0.1,0.2,0.3,.113,,1.2,0.1,1.3,0.1
98,Jordan Clarkson,SG,31,UTA,55,1682,12.6,.521,.379,.246,3.4,9.4,6.4,24.6,1.0,0.3,13.9,26.2,,0.0,0.1,0.1,.002,,-1.4,-3.2,-4.6,-1.1
99,Nic Claxton,C,24,BRK,68,2027,18.8,.631,.009,.335,10.0,28.6,19.0,10.2,1.1,6.2,11.8,15.7,,3.3,3.2,6.5,.153,,-0.1,1.5,1.4,1.7
100,Noah Clowney,PF,19,BRK,19,228,15.8,.649,.383,.383,9.2,18.7,13.8,7.5,1.1,3.2,11.4,15.1,,0.4,0.2,0.6,.135,,0.2,-0.2,0.0,0.1
101,Amir Coffey,SF,26,LAC,65,1294,10.2,.634,.517,.210,2.4,9.3,6.0,6.9,1.4,0.8,9.2,11.9,,1.6,0.8,2.4,.087,,-1.7,-0.3,-2.0,0.0
102,John Collins,PF,26,UTA,68,1901,17.4,.621,.311,.248,9.5,25.0,17.3,6.1,1.0,2.9,10.6,20.4,,2.9,1.4,4.3,.108,,0.4,-1.4,-1.0,0.5
103,Zach Collins,C,26,SAS,64,1429,13.9,.562,.300,.261,8.4,18.4,13.3,18.8,1.1,2.7,16.1,22.3,,0.1,1.2,1.4,.046,,-2.2,-0.2,-2.4,-0.2
104,Mike Conley,PG,36,MIN,71,2051,15.7,.622,.624,.178,2.0,9.2,5.8,28.8,2.0,0.6,12.1,15.8,,4.6,3.1,7.8,.182,,1.9,1.5,3.4,2.8
105,Pat Connaughton,SF,31,MIL,71,1571,9.9,.584,.698,.164,3.7,13.1,8.5,12.0,1.2,1.0,11.7,10.8,,1.5,1.2,2.7,.083,,-1.3,0.1,-1.3,0.3
106,Bilal Coulibaly,SF,19,WAS,63,1715,8.9,.543,.428,.303,3.6,13.5,8.4,8.2,1.6,2.3,15.1,14.2,,-0.6,1.0,0.4,.011,,-3.7,-0.5,-4.2,-1.0
107,Ricky Council IV,SG,22,PHI,28,248,18.4,.596,.287,.673,5.9,13.2,9.5,7.3,0.6,0.4,3.0,23.6,,0.7,0.2,0.8,.158,,2.5,-1.9,0.6,0.2
108,Robert Covington,SF-PF,33,TOT,29,488,13.6,.580,.571,.265,7.3,15.8,11.5,6.3,4.0,3.4,9.1,10.7,,0.6,0.9,1.4,.141,,-1.1,3.2,2.1,0.5
109,Torrey Craig,SF,33,CHI,48,954,10.9,.569,.620,.141,7.7,16.0,11.7,7.3,1.4,2.0,10.4,12.8,,0.8,0.9,1.7,.086,,-1.8,-0.3,-2.0,0.0
110,Jae Crowder,PF,33,MIL,46,1063,9.2,.557,.614,.126,2.9,13.0,8.1,7.2,1.7,0.6,6.8,11.3,,0.7,0.9,1.6,.071,,-2.6,0.2,-2.3,-0.1
111,Jalen Crutcher,PG,24,NOP,1,3,-12.3,.000,.000,.000,0.0,0.0,0.0,0.0,0.0,0.0,0.0,14.5,,0.0,0.0,0.0,-0.328,,-18.4,-7.9,-26.3,0.0
112,Cade Cunningham,PG,22,DET,62,2074,17.0,.546,.287,.235,1.8,13.3,7.5,37.4,1.3,0.9,14.1,30.9,,0.5,1.1,1.6,.037,,2.0,-1.7,0.3,1.2
113,Seth Curry,SG,33,TOT,44,616,9.9,.519,.529,.152,3.3,9.3,6.3,9.6,1.7,0.9,8.8,16.8,,0.0,0.5,0.5,.038,,-2.6,-0.6,-3.3,-0.2
114,Stephen Curry,PG,35,GSW,71,2320,20.6,.614,.605,.228,1.9,13.7,7.8,24.3,1.1,0.9,11.6,31.7,,5.0,1.6,6.6,.136,,6.1,-1.2,4.9,4.0
115,Dyson Daniels,PG,20,NOP,56,1233,12.0,.528,.431,.177,5.4,13.8,9.7,15.3,3.2,1.7,15.3,12.7,,0.5,2.1,2.6,.101,,-1.9,2.5,0.6,0.8
116,Anthony Davis,C,30,LAL,73,2613,25.7,.620,.081,.400,10.8,30.1,20.9,15.3,1.6,5.8,9.4,26.8,,6.6,4.6,11.1,.205,,3.4,1.7,5.1,4.7
117,Johnny Davis,SG,21,WAS,46,536,5.7,.419,.248,.124,3.7,10.3,7.0,6.6,1.3,1.4,5.2,12.1,,-0.4,0.2,-0.2,-0.021,,-5.7,-1.2,-6.9,-0.7
118,JD Davison,SG,21,BOS,6,11,31.9,1.031,1.000,.667,10.5,19.3,15.1,12.6,0.0,0.0,0.0,15.4,,0.1,0.0,0.1,.475,,11.8,2.5,14.2,0.0
119,Dexter Dennis,SG,24,DAL,4,30,18.3,.541,.421,.158,3.8,30.2,17.1,23.5,0.0,2.9,12.9,33.5,,0.0,0.0,0.0,-0.002,,1.8,-0.1,1.7,0.0
120,DeMar DeRozan,SF,34,CHI,75,2826,19.3,.581,.168,.457,1.7,11.9,6.7,21.8,1.5,1.6,7.4,25.6,,6.2,2.2,8.4,.143,,1.9,-0.3,1.6,2.5
121,Moussa Diabaté,C,22,LAC,11,64,24.6,.576,.000,.737,29.5,16.3,22.6,8.6,3.9,1.4,7.4,18.8,,0.2,0.1,0.3,.244,,4.0,-0.7,3.3,0.1
122,Mamadi Diakite,PF,27,TOT,6,24,18.5,.694,.167,1.000,4.6,14.5,9.5,13.5,2.1,3.5,10.4,17.1,,0.1,0.0,0.1,.161,,0.8,2.6,3.4,0.0
123,Hamidou Diallo,SG,25,WAS,2,5,32.9,.500,.000,.000,44.3,0.0,22.6,29.0,19.0,0.0,33.3,25.4,,0.0,0.0,0.0,.192,,2.6,16.0,18.7,0.0
124,Gradey Dick,SG,20,TOR,56,1150,8.8,.541,.535,.119,2.6,9.8,6.1,8.0,1.4,0.2,10.1,17.4,,-0.2,0.3,0.1,.006,,-3.5,-2.2,-5.6,-1.1
125,Ousmane Dieng,PF,20,OKC,31,342,9.4,.540,.644,.154,3.6,13.2,8.6,12.2,0.7,0.8,13.3,16.4,,0.0,0.3,0.3,.046,,-2.2,-1.3,-3.6,-0.1
126,Spencer Dinwiddie,PG,30,TOT,72,2061,11.6,.533,.572,.317,1.6,9.4,5.4,23.0,1.2,0.9,10.9,16.8,,1.9,1.3,3.2,.075,,-1.5,-0.5,-2.0,0.0
127,Donte DiVincenzo,SG,27,NYK,76,2148,16.1,.593,.708,.117,3.3,11.9,7.6,13.9,2.4,1.5,9.6,21.8,,3.3,2.7,6.0,.134,,2.4,1.0,3.5,3.0
128,Luka Dončić,PG,24,DAL,67,2508,28.1,.616,.443,.369,2.5,25.4,14.0,44.0,1.9,1.2,12.7,36.2,,7.7,3.4,11.1,.213,,8.3,1.8,10.0,7.7
129,Luguentz Dort,SF,24,OKC,75,2142,11.0,.592,.600,.236,4.2,10.7,7.6,6.1,1.5,2.0,9.4,15.5,,1.8,2.2,4.0,.089,,-1.5,-0.3,-1.8,0.1
130,Ayo Dosunmu,SG,24,CHI,75,2177,13.3,.602,.410,.142,2.8,8.6,5.6,15.8,1.5,1.6,11.5,17.3,,2.4,1.5,3.9,.087,,-0.7,-0.3,-1.0,0.6
131,Jeff Dowtin,PG,26,PHI,8,100,20.3,.798,.680,.120,3.4,15.2,9.2,26.8,2.0,0.9,16.0,13.6,,0.4,0.1,0.5,.221,,4.2,0.9,5.1,0.2
132,Henri Drell,SF,23,CHI,1,3,44.2,.500,.500,.000,38.0,0.0,19.4,100.0,0.0,0.0,0.0,29.4,,0.0,0.0,0.0,.468,,23.0,2.3,25.3,0.0
133,Andre Drummond,C,30,CHI,77,1322,22.8,.571,.006,.465,22.4,39.2,30.7,4.2,2.7,3.7,12.5,21.6,,1.9,2.7,4.6,.167,,0.6,-0.7,-0.1,0.6
134,Chris Duarte,SF,26,SAC,56,703,8.9,.522,.596,.163,4.2,13.3,8.7,7.6,2.0,1.0,9.9,14.7,,0.1,0.7,0.8,.052,,-3.1,0.1,-3.0,-0.2
135,Kris Dunn,PG,29,UTA,66,1249,12.7,.546,.355,.102,4.6,12.7,8.7,27.0,2.7,2.0,19.5,13.7,,1.0,0.9,1.9,.074,,-1.5,1.4,-0.2,0.6
136,Kevin Durant,PF,35,PHO,70,2596,21.8,.634,.280,.304,1.8,18.3,10.5,22.9,1.2,3.0,13.3,29.3,,4.8,3.1,7.9,.147,,4.4,0.2,4.6,4.3
137,Jalen Duren,C,20,DET,59,1719,18.8,.653,.007,.309,12.7,33.9,23.2,12.6,0.9,2.3,16.6,18.4,,2.8,1.8,4.6,.128,,-0.1,0.1,0.0,0.9
138,Tari Eason,PF,22,HOU,22,480,17.2,.528,.265,.175,10.5,25.0,17.7,8.3,3.2,3.7,8.9,19.9,,0.2,1.0,1.2,.124,,-0.5,2.0,1.5,0.4
139,Anthony Edwards,SG,22,MIN,74,2601,19.6,.572,.338,.319,2.4,15.8,9.5,24.5,1.9,1.4,12.0,32.6,,2.1,4.6,6.7,.123,,2.7,0.7,3.4,3.5
140,Kessler Edwards,SF,23,SAC,51,258,10.1,.527,.646,.101,4.0,14.9,9.3,6.5,1.7,1.4,3.5,14.2,,0.1,0.3,0.4,.075,,-1.8,-0.2,-2.0,0.0
141,Keon Ellis,SG,24,SAC,52,843,11.4,.617,.721,.175,3.8,11.5,7.6,11.3,2.6,2.6,12.8,11.5,,0.9,1.0,1.9,.110,,-1.4,2.0,0.6,0.5
142,Joel Embiid,C,29,PHI,37,1242,34.1,.644,.153,.537,8.5,29.5,18.8,31.9,1.7,4.6,12.4,39.8,,4.7,2.1,6.9,.266,,8.5,3.0,11.4,4.2
143,Drew Eubanks,C,26,PHO,71,1114,14.7,.663,.013,.389,10.5,20.3,15.7,7.1,1.1,4.7,17.4,13.2,,1.5,1.6,3.1,.132,,-1.8,0.8,-1.0,0.3
144,Tosan Evbuomwan,SF,22,TOT,17,367,9.8,.616,.451,.352,5.5,13.5,9.5,5.9,0.8,1.2,9.9,10.6,,0.4,0.2,0.5,.069,,-2.3,-0.7,-3.1,-0.1
145,Dante Exum,PG,28,DAL,51,1003,14.3,.655,.353,.233,2.5,12.3,7.4,19.8,1.1,0.4,12.4,15.3,,2.1,0.7,2.8,.133,,0.1,-0.2,-0.2,0.5
146,Bruno Fernando,C,25,ATL,41,593,15.7,.604,.024,.455,10.8,23.7,17.0,9.9,2.1,4.2,16.5,16.8,,0.6,0.7,1.3,.102,,-3.0,1.1,-1.9,0.0
147,Dorian Finney-Smith,PF,30,BRK,68,1934,10.1,.546,.658,.090,6.2,12.7,9.4,7.5,1.4,1.8,10.0,13.3,,0.9,1.6,2.6,.064,,-1.9,-0.1,-2.0,0.0
148,Adam Flagler,SG,24,OKC,1,6,-13.4,.000,1.000,.000,0.0,0.0,0.0,18.1,0.0,0.0,0.0,21.9,,-0.1,0.0,-0.1,-0.453,,-17.9,-9.0,-26.9,0.0
149,Malachi Flynn,PG,25,TOT,65,804,11.8,.536,.541,.228,2.8,13.4,8.0,20.3,2.0,0.9,15.2,20.1,,-0.1,0.5,0.5,.029,,-2.0,-0.1,-2.1,0.0
150,Simone Fontecchio,SF,28,TOT,66,1644,12.1,.600,.609,.120,4.5,12.7,8.6,8.6,1.3,1.2,10.5,16.6,,1.4,0.6,2.0,.060,,0.0,-1.0,-1.0,0.4
151,Jordan Ford,PG,25,SAC,6,22,16.7,.761,.429,.286,0.0,10.9,5.3,12.7,0.0,0.0,11.3,17.3,,0.1,0.0,0.1,.152,,3.3,-1.2,2.0,0.0
152,Trent Forrest,SG,25,ATL,36,388,8.6,.418,.118,.188,2.8,11.0,6.8,27.0,1.3,0.7,16.4,11.9,,0.1,0.1,0.2,.022,,-3.9,-0.7,-4.5,-0.2
153,Evan Fournier,SG,31,TOT,28,482,8.1,.452,.619,.160,1.0,11.0,5.9,12.0,2.7,0.7,8.5,18.8,,-0.5,0.4,-0.1,-0.010,,-5.0,0.5,-4.5,-0.3
154,De'Aaron Fox,PG,26,SAC,69,2475,20.0,.565,.370,.279,3.0,12.1,7.5,25.2,2.7,1.1,10.1,31.3,,2.7,2.9,5.6,.109,,2.6,-0.2,2.4,2.8
155,Javon Freeman-Liberty,PG,24,TOR,17,289,10.2,.537,.322,.289,3.9,17.3,10.5,13.6,1.4,0.6,15.8,17.9,,-0.1,0.2,0.1,.015,,-4.1,-2.2,-6.3,-0.3
156,Alex Fudge,SF,20,LAL,4,14,-1.9,.291,.333,.333,17.7,0.0,8.4,0.0,0.0,0.0,12.7,24.5,,-0.1,0.0,-0.1,-0.228,,-9.9,-8.2,-18.1,-0.1
157,Markelle Fultz,PG,25,ORL,38,813,12.2,.481,.052,.108,7.4,10.7,9.1,20.2,2.4,1.4,13.1,18.6,,-0.2,1.3,1.1,.063,,-2.9,1.3,-1.6,0.1
158,Andrew Funk,SG,24,CHI,2,3,-12.6,.000,.000,.000,0.0,0.0,0.0,0.0,0.0,0.0,0.0,14.7,,0.0,0.0,0.0,-0.351,,-18.5,-9.9,-28.4,0.0
159,Wenyen Gabriel,PF,26,MEM,5,81,2.5,.351,.273,.227,9.6,26.8,17.9,5.3,1.2,2.3,24.8,17.2,,-0.3,0.1,-0.2,-0.127,,-10.7,-2.0,-12.6,-0.2
160,Daniel Gafford,C-PF,25,TOT,70,1736,21.4,.721,.000,.374,12.5,23.4,17.9,9.0,1.7,7.0,11.5,14.7,,4.8,2.4,7.2,.199,,0.5,1.8,2.4,1.9
161,Danilo Gallinari,PF-SF,35,TOT,48,611,13.6,.603,.500,.511,3.5,16.1,9.7,12.0,1.0,0.8,8.2,16.9,,1.0,0.3,1.3,.101,,-0.7,-1.0,-1.6,0.1
162,Darius Garland,PG,24,CLE,54,1801,14.4,.558,.420,.208,1.9,7.2,4.6,29.3,1.9,0.3,15.9,25.5,,0.5,1.8,2.3,.061,,0.1,-1.2,-1.2,0.4
163,Usman Garuba,PF,21,GSW,3,8,6.2,.000,.000,.000,14.6,0.0,7.3,13.8,6.2,0.0,0.0,5.3,,0.0,0.0,0.0,.066,,-6.4,3.6,-2.9,0.0
164,Luka Garza,C,25,MIN,22,113,19.9,.558,.437,.310,16.8,12.1,14.3,6.3,1.3,0.8,5.8,33.7,,0.1,0.2,0.3,.132,,-0.3,-2.8,-3.1,0.0
165,Kaiser Gates,SF,27,NOP,1,7,-19.4,.000,.500,.000,0.0,16.0,8.1,0.0,0.0,0.0,0.0,24.9,,-0.1,0.0,-0.1,-0.551,,-18.6,-10.1,-28.7,-0.1
166,Keyonte George,PG,20,UTA,70,1877,10.2,.526,.536,.279,0.9,11.3,6.1,23.4,0.9,0.3,16.9,22.6,,-0.6,0.2,-0.4,-0.011,,-1.7,-2.8,-4.5,-1.2
167,Paul George,PF,33,LAC,71,2410,19.2,.611,.479,.224,1.8,16.1,9.2,15.9,2.3,1.3,9.7,26.6,,4.1,2.6,6.8,.135,,2.8,0.1,3.0,3.0
168,Taj Gibson,PF,38,TOT,18,185,4.3,.416,.357,.071,6.4,12.9,9.7,6.0,0.8,3.0,14.8,7.9,,-0.1,0.2,0.1,.029,,-6.2,0.1,-6.1,-0.2
169,Josh Giddey,SG,21,OKC,76,1905,16.7,.547,.287,.139,6.9,22.1,14.8,25.9,1.2,2.0,15.2,23.1,,1.2,2.5,3.8,.095,,1.2,0.3,1.4,1.6
170,Harry Giles,C,25,TOT,22,98,14.8,.503,.280,.260,13.5,19.2,16.3,10.6,1.0,2.8,9.7,27.4,,-0.1,0.1,0.0,.020,,-2.8,-2.1,-4.9,-0.1
171,Shai Gilgeous-Alexander,PG,25,OKC,71,2444,29.4,.638,.178,.431,3.1,15.4,9.5,30.1,3.0,2.4,8.5,32.9,,9.8,3.8,13.6,.268,,6.7,2.3,9.0,6.8
172,Anthony Gill,PF,31,WAS,47,397,11.5,.539,.241,.233,9.2,13.7,11.4,9.3,1.4,1.6,13.6,18.1,,0.0,0.2,0.2,.023,,-3.1,-1.4,-4.5,-0.3
173,Collin Gillespie,PG,24,DEN,24,225,11.0,.586,.551,.174,0.5,10.5,5.6,15.6,2.9,0.0,15.9,17.3,,0.1,0.3,0.3,.070,,-3.7,0.9,-2.8,0.0
174,Jacob Gilyard,PG,25,TOT,39,669,11.3,.589,.836,.014,1.3,6.3,3.7,28.2,2.1,0.7,16.5,11.4,,0.8,0.5,1.3,.097,,-1.7,0.3,-1.4,0.1
175,Rudy Gobert,C,31,MIN,71,2410,18.7,.667,.005,.631,13.6,30.6,22.6,5.5,0.9,5.5,13.2,15.4,,4.8,5.6,10.4,.207,,-0.2,1.7,1.6,2.2
176,Jordan Goodwin,PG,25,TOT,54,945,12.5,.464,.384,.148,8.7,16.9,12.8,21.6,2.1,1.7,12.9,18.6,,-0.1,1.2,1.1,.056,,-1.5,0.6,-0.9,0.3
177,Aaron Gordon,PF,28,DEN,70,2214,16.6,.604,.192,.372,9.4,15.4,12.4,14.7,1.2,1.7,11.2,18.2,,4.1,2.3,6.4,.138,,1.0,0.1,1.1,1.8
178,Eric Gordon,SG,35,PHO,64,1805,10.9,.584,.637,.107,1.1,6.4,3.9,10.1,1.6,1.4,10.3,16.6,,0.9,1.5,2.4,.064,,-1.2,-0.6,-1.8,0.1
179,Devonte' Graham,PG,28,SAS,18,186,13.8,.544,.769,.200,1.8,13.6,7.6,22.7,2.3,0.4,7.8,17.5,,0.2,0.2,0.4,.096,,-1.3,0.4,-0.9,0.1
180,Jerami Grant,PF,29,POR,54,1830,15.3,.573,.325,.367,2.2,10.4,6.1,13.7,1.2,1.7,10.5,25.8,,1.4,1.1,2.6,.068,,0.9,-1.1,-0.2,0.8
181,A.J. Green,SG,24,MIL,53,567,11.1,.622,.866,.091,1.9,10.8,6.5,7.0,0.6,0.6,5.4,15.7,,0.8,0.3,1.1,.089,,0.0,-1.8,-1.8,0.0
182,Danny Green,SG,36,PHI,2,18,0.9,.000,.500,.000,0.0,13.0,6.4,6.5,2.8,0.0,0.0,4.8,,0.0,0.0,0.0,-0.037,,-7.4,0.7,-6.7,0.0
183,Draymond Green,PF,33,GSW,52,1401,14.6,.582,.332,.199,6.2,25.0,15.7,28.4,1.8,2.8,24.4,15.7,,1.2,1.9,3.1,.107,,-0.6,3.0,2.4,1.5
184,Jalen Green,SG,21,HOU,77,2451,15.1,.544,.448,.272,1.8,16.3,9.0,17.4,1.3,1.0,11.2,27.6,,0.2,2.9,3.0,.060,,0.6,-0.7,-0.1,1.2
185,Javonte Green,SF,30,CHI,4,84,21.6,.747,.280,.160,10.9,22.7,16.6,5.4,2.4,3.7,13.0,16.2,,0.2,0.1,0.3,.193,,3.6,2.0,5.6,0.2
186,Jeff Green,PF,37,HOU,73,1222,11.1,.595,.420,.432,3.8,11.2,7.4,7.0,0.5,2.3,10.0,15.3,,1.2,1.1,2.4,.093,,-1.7,-0.3,-2.1,0.0
187,Josh Green,SG,23,DAL,54,1436,10.3,.604,.499,.155,3.0,10.7,6.9,11.2,1.5,0.6,13.1,13.1,,1.1,1.1,2.3,.076,,-2.0,-0.3,-2.3,-0.1
188,AJ Griffin,SF,20,ATL,18,132,1.9,.403,.733,.044,1.7,10.8,6.1,3.8,0.4,0.7,11.6,16.5,,-0.3,0.0,-0.3,-0.098,,-5.4,-3.3,-8.7,-0.2
189,Quentin Grimes,SG,23,TOT,51,1025,8.9,.516,.732,.137,1.7,9.9,5.8,8.7,1.7,0.6,7.5,15.9,,0.3,0.9,1.3,.060,,-2.6,0.4,-2.2,-0.1
190,Mouhamadou Gueye,PF,25,TOR,10,97,4.8,.333,.097,.258,12.9,9.8,11.4,5.3,1.0,13.5,25.8,20.6,,-0.5,0.1,-0.3,-0.172,,-10.8,-1.6,-12.3,-0.3
191,Mouhamed Gueye,PF,21,ATL,3,8,-15.4,.000,.750,.000,13.8,0.0,7.2,0.0,6.1,0.0,20.0,26.2,,-0.1,0.0,-0.1,-0.540,,-20.2,-7.3,-27.5,-0.1
192,Rui Hachimura,PF,25,LAL,64,1695,14.7,.627,.342,.199,3.7,14.1,9.2,6.1,1.1,1.2,6.1,18.5,,2.2,1.3,3.5,.100,,-0.4,-0.9,-1.2,0.3
193,Ashton Hagans,PG,24,POR,18,302,8.0,.503,.328,.254,4.7,12.3,8.3,22.8,1.6,2.7,28.0,14.7,,-0.3,0.3,0.0,-0.002,,-4.7,0.7,-4.0,-0.1
194,Tyrese Haliburton,PG,23,IND,65,2099,23.3,.603,.507,.209,2.0,12.3,7.1,45.6,1.7,1.7,11.9,24.8,,6.9,1.4,8.4,.191,,7.4,-0.4,7.0,4.8
195,R.J. Hampton,PG,22,MIA,8,76,0.9,.336,.571,.143,3.1,6.4,4.7,13.6,0.0,0.0,16.8,10.5,,-0.1,0.0,-0.1,-0.042,,-8.1,-1.4,-9.5,-0.1
196,Tim Hardaway Jr.,SF,31,DAL,74,2026,12.3,.546,.609,.178,1.2,12.5,6.9,9.1,0.9,0.3,6.1,22.9,,0.8,1.3,2.1,.050,,-0.6,-2.1,-2.7,-0.4
197,James Harden,PG,34,LAC,70,2433,18.5,.611,.592,.415,1.8,15.7,9.0,33.6,1.6,2.1,16.0,20.7,,5.7,2.3,8.0,.158,,3.8,0.3,4.0,3.7
198,Jaden Hardy,SG,21,DAL,68,910,11.5,.518,.482,.144,2.1,12.3,7.3,15.8,1.0,0.4,9.7,24.8,,-0.3,0.6,0.3,.016,,-1.7,-2.3,-4.0,-0.5
199,Ron Harper Jr.,PF,23,TOR,1,4,0.1,,,,0.0,0.0,0.0,28.5,0.0,0.0,,0.0,,0.0,0.0,0.0,.086,,-11.7,2.8,-8.9,0.0
200,Gary Harris,SG,29,ORL,50,1174,10.0,.600,.689,.161,2.3,6.4,4.3,9.6,1.8,1.0,8.8,12.3,,1.2,1.5,2.6,.108,,-1.9,1.0,-0.9,0.3
201,Joe Harris,SG,32,DET,16,170,4.7,.489,.769,.051,2.0,6.9,4.4,7.7,0.9,1.0,9.1,11.0,,0.0,0.0,0.0,.001,,-4.8,-1.1,-5.9,-0.2
202,Kevon Harris,SG,26,ORL,2,6,11.3,.667,.000,.000,0.0,40.5,20.0,33.0,0.0,0.0,25.0,29.2,,0.0,0.0,0.0,.035,,-15.5,-0.4,-15.9,0.0
203,Tobias Harris,PF,31,PHI,67,2272,16.3,.575,.272,.223,3.6,18.3,10.8,13.8,1.5,1.7,8.3,20.9,,2.8,2.5,5.3,.112,,0.9,-0.2,0.6,1.5
204,Shaquille Harrison,SG,30,MEM,3,6,15.9,.500,.000,.000,0.0,40.2,19.3,0.0,0.0,15.6,0.0,14.4,,0.0,0.0,0.0,.087,,-0.6,5.2,4.6,0.0
205,Josh Hart,SF,28,NYK,76,2511,11.5,.513,.391,.169,5.7,23.9,14.7,16.3,1.4,0.8,14.1,13.6,,1.5,3.3,4.8,.092,,-1.6,1.4,-0.2,1.2
206,Isaiah Hartenstein,C,25,NYK,71,1775,18.6,.668,.009,.432,15.2,24.2,19.7,13.1,2.4,4.1,17.2,11.8,,4.1,3.2,7.4,.199,,0.5,2.9,3.3,2.4
207,Sam Hauser,SF,26,BOS,74,1598,12.9,.639,.854,.034,3.0,14.3,8.9,5.7,1.1,1.3,5.8,14.7,,2.4,2.1,4.5,.136,,1.3,0.1,1.4,1.4
208,Jordan Hawkins,SG,21,NOP,66,1158,10.3,.536,.654,.176,2.9,11.5,7.3,8.2,0.8,0.6,7.4,19.9,,0.3,1.1,1.3,.056,,-1.2,-1.7,-2.9,-0.3
209,Jaxson Hayes,C,23,LAL,66,799,13.7,.709,.051,.475,9.9,17.6,14.0,5.3,1.7,2.8,16.6,12.5,,1.2,1.0,2.2,.130,,-3.1,0.8,-2.2,0.0
210,Killian Hayes,PG,22,DET,42,1008,10.5,.474,.261,.177,1.3,12.6,6.8,27.7,1.7,1.7,14.3,15.1,,0.0,0.7,0.6,.030,,-2.9,0.2,-2.7,-0.2
211,Gordon Hayward,SF,33,TOT,48,1178,12.6,.538,.223,.286,3.5,13.3,8.4,18.9,1.6,1.0,12.2,18.5,,0.4,0.8,1.3,.051,,-1.6,-0.6,-2.2,-0.1
212,Scoot Henderson,PG,19,POR,58,1615,9.3,.488,.326,.259,3.3,10.3,6.6,28.4,1.3,0.7,19.0,26.4,,-2.6,0.9,-1.7,-0.050,,-3.8,-2.3,-6.2,-1.7
213,Taylor Hendricks,PF,20,UTA,35,726,11.2,.568,.586,.119,6.4,18.8,12.6,4.1,1.4,3.2,9.4,14.1,,0.4,0.5,0.9,.061,,-1.8,-0.7,-2.5,-0.1
214,Tyler Herro,SG,24,MIA,37,1234,15.6,.548,.449,.125,1.7,17.5,9.5,22.4,1.2,0.2,9.9,28.2,,0.0,1.4,1.5,.057,,1.5,-0.7,0.8,0.9
215,Buddy Hield,SF-SG,31,TOT,80,2079,13.1,.576,.666,.064,3.1,11.1,7.0,14.5,1.6,1.7,10.5,19.1,,1.6,1.5,3.1,.070,,0.8,-0.6,0.2,1.2
216,Haywood Highsmith,PF,27,MIA,61,1236,11.5,.588,.580,.108,5.4,12.5,8.9,7.3,2.1,2.2,8.6,12.7,,1.0,1.8,2.8,.109,,-1.6,1.2,-0.4,0.5
217,Nate Hinton,SG,24,HOU,12,59,18.2,.640,.545,.227,9.3,19.0,14.1,14.8,1.7,3.1,11.0,19.7,,0.1,0.1,0.2,.189,,2.8,1.2,4.0,0.1
218,D'Moi Hodge,SG,25,LAL,7,41,6.2,.441,.800,.133,0.0,0.0,0.0,15.6,1.2,2.1,5.9,17.9,,0.0,0.0,0.0,-0.022,,-3.8,-2.6,-6.4,0.0
219,Aaron Holiday,PG,27,HOU,74,1201,11.5,.576,.524,.152,1.9,8.9,5.4,15.7,1.6,0.5,10.6,16.5,,1.1,1.2,2.3,.094,,-1.7,0.4,-1.4,0.2
220,Jrue Holiday,PG,33,BOS,66,2182,14.4,.598,.467,.109,4.2,13.6,9.1,19.6,1.3,2.0,14.8,16.3,,3.0,3.1,6.1,.135,,1.0,1.2,2.2,2.4
221,Justin Holiday,SG,34,DEN,54,801,9.7,.602,.682,.023,1.4,8.5,5.0,9.5,2.1,1.0,6.8,10.5,,0.8,0.8,1.6,.098,,-2.6,1.0,-1.5,0.1
222,Richaun Holmes,C-PF,30,TOT,40,555,14.5,.593,.020,.320,14.4,22.9,18.6,6.0,0.9,2.9,12.5,14.7,,0.8,0.5,1.3,.111,,-2.4,-0.9,-3.3,-0.2
223,Chet Holmgren,C,21,OKC,77,2296,20.1,.629,.367,.283,6.3,24.0,15.5,11.7,1.0,7.3,10.9,21.7,,4.0,3.9,7.9,.165,,1.7,1.4,3.1,3.0
224,Jalen Hood-Schifino,SG,20,LAL,21,109,-1.3,.316,.333,.444,2.3,11.3,7.0,9.1,1.3,1.6,14.3,25.1,,-0.6,0.1,-0.5,-0.226,,-12.4,-3.7,-16.1,-0.4
225,Al Horford,C,37,BOS,63,1703,15.0,.649,.612,.073,5.5,20.2,13.2,12.3,1.1,3.1,9.8,12.0,,3.3,2.8,6.1,.173,,1.7,2.0,3.7,2.4
226,Talen Horton-Tucker,PG,23,UTA,48,919,13.6,.502,.391,.247,2.5,11.4,7.0,26.1,2.3,1.6,11.1,23.8,,0.3,0.5,0.8,.042,,-0.8,-0.2,-1.0,0.2
227,Danuel House Jr.,SF,30,PHI,34,509,8.6,.575,.476,.438,3.6,9.7,6.6,7.2,1.5,0.9,13.2,12.3,,0.3,0.4,0.7,.061,,-3.4,-0.6,-4.0,-0.3
228,Caleb Houstan,SF,21,ORL,56,791,8.4,.589,.935,.120,4.2,8.3,6.2,4.8,0.8,0.4,7.1,12.6,,0.7,0.8,1.5,.091,,-1.3,-0.6,-1.9,0.0
229,Jett Howard,SF,20,ORL,14,52,6.7,.464,.783,.174,2.3,9.3,5.8,8.4,0.0,1.8,7.5,22.6,,-0.1,0.0,0.0,-0.017,,-2.2,-2.5,-4.7,0.0
230,Kevin Huerter,SG,25,SAC,64,1562,12.4,.564,.609,.084,2.8,14.3,8.4,14.4,1.4,1.3,8.4,17.4,,1.4,1.4,2.8,.085,,-0.5,-0.4,-0.9,0.4
231,Jay Huff,C,25,DEN,18,47,17.0,.724,.600,.133,2.6,22.5,12.8,5.9,1.1,3.6,5.9,15.8,,0.1,0.1,0.2,.185,,-0.3,0.6,0.2,0.0
232,De'Andre Hunter,SF,26,ATL,54,1583,13.0,.604,.465,.298,2.0,13.4,7.5,7.3,1.2,0.8,10.4,20.7,,1.6,0.5,2.1,.064,,-0.8,-1.5,-2.3,-0.1
233,Matthew Hurt,PF,23,MEM,8,113,8.4,.453,.588,.088,8.8,7.5,8.2,5.1,1.3,2.5,5.4,14.3,,0.0,0.1,0.1,.028,,-3.0,-0.7,-3.7,-0.1
234,Bones Hyland,PG,23,LAC,34,450,8.7,.471,.551,.092,1.1,8.5,5.0,23.4,2.2,0.6,16.1,23.9,,-0.7,0.4,-0.3,-0.031,,-4.0,-1.5,-5.5,-0.4
235,Joe Ingles,SF,36,ORL,63,1085,10.4,.600,.709,.146,2.0,12.4,7.1,22.6,1.8,0.3,20.7,11.5,,0.9,1.5,2.4,.107,,-1.8,1.2,-0.6,0.4
236,Brandon Ingram,SF,26,NOP,63,2079,18.2,.577,.237,.305,2.4,14.9,8.7,27.0,1.2,1.9,12.3,27.4,,2.4,2.5,4.9,.114,,1.5,-0.2,1.2,1.7
237,Kyrie Irving,SG,31,DAL,55,1911,21.6,.602,.369,.175,2.5,13.6,8.1,23.9,1.8,1.1,8.0,28.4,,4.2,1.9,6.0,.152,,4.6,0.1,4.7,3.3
238,Jonathan Isaac,PF,26,ORL,53,822,19.9,.624,.385,.304,9.5,24.5,16.9,4.7,2.3,7.3,7.8,17.0,,1.4,1.9,3.3,.195,,1.9,2.5,4.3,1.3
239,Jaden Ivey,SG,21,DET,73,2101,12.5,.536,.375,.314,4.5,9.6,7.0,20.0,1.2,1.6,14.4,24.9,,-0.5,1.0,0.5,.010,,-1.4,-1.7,-3.1,-0.6
240,Andre Jackson Jr.,SG,22,MIL,52,538,9.0,.607,.447,.117,9.3,13.7,11.5,11.2,1.3,0.9,19.5,9.9,,0.6,0.4,1.0,.090,,-3.2,0.0,-3.2,-0.2
241,GG Jackson II,PF,19,MEM,44,1085,13.4,.562,.519,.292,4.7,14.6,9.4,8.0,1.0,1.8,10.1,23.3,,0.1,0.9,1.0,.045,,-0.5,-1.8,-2.3,-0.1
242,Isaiah Jackson,C,22,IND,58,753,21.3,.689,.017,.443,13.8,22.3,18.0,8.3,2.2,6.2,12.4,17.5,,2.0,1.1,3.1,.198,,0.1,1.5,1.6,0.7
243,Jaren Jackson Jr.,C,24,MEM,66,2124,17.4,.552,.315,.359,4.4,15.9,9.9,13.2,1.9,4.7,10.6,30.7,,-0.1,2.8,2.7,.061,,-0.1,0.4,0.4,1.3
244,Justin Jackson,SF,28,MIN,2,1,0.0,,,,0.0,0.0,0.0,0.0,0.0,0.0,,0.0,,0.0,0.0,0.0,.033,,-6.3,-1.1,-7.4,0.0
245,Quenton Jackson,PG,25,IND,1,2,6.1,,,,0.0,59.1,29.4,0.0,0.0,0.0,,0.0,,0.0,0.0,0.0,.066,,-8.7,4.7,-4.0,0.0
246,Reggie Jackson,PG,33,DEN,78,1730,12.1,.527,.373,.130,2.2,8.0,5.2,23.4,1.2,0.6,11.8,21.9,,0.7,1.3,2.0,.055,,-1.6,-1.5,-3.0,-0.4
247,Trayce Jackson-Davis,PF,23,GSW,63,1013,21.8,.690,.003,.394,14.4,20.9,17.7,10.7,1.3,5.8,10.8,16.7,,2.9,1.3,4.2,.200,,1.7,1.3,2.9,1.3
248,LeBron James,PF,39,LAL,68,2390,23.3,.627,.291,.316,2.9,20.3,12.1,36.9,1.6,1.3,14.3,29.2,,5.0,2.7,7.7,.154,,5.4,0.9,6.3,5.0
249,Jaime Jaquez Jr.,SF,22,MIA,70,1996,12.7,.572,.289,.246,4.6,11.5,8.0,13.4,1.9,0.8,12.6,18.8,,0.9,2.5,3.4,.082,,-2.4,0.3,-2.1,0.0
250,DeJon Jarreau,SG,26,MEM,9,150,9.8,.392,.260,.220,5.9,29.0,17.0,25.5,2.0,1.2,14.1,18.4,,-0.2,0.2,0.0,-0.001,,-4.7,0.6,-4.1,-0.1
251,DaQuan Jeffries,SG,26,NYK,17,46,3.2,.391,.588,.118,0.0,13.0,6.5,15.0,0.0,2.0,14.4,19.7,,-0.1,0.0,-0.1,-0.089,,-5.7,-2.4,-8.1,-0.1
252,Trey Jemison,C,24,TOT,21,434,12.4,.612,.000,.219,13.3,13.3,13.3,6.7,0.9,4.5,20.1,14.4,,0.2,0.4,0.7,.073,,-4.7,-0.7,-5.4,-0.4
253,Ty Jerome,SG,26,CLE,2,15,7.6,.500,.250,.000,8.1,0.0,4.0,27.4,0.0,0.0,20.0,14.8,,0.0,0.0,0.0,.034,,-4.2,-0.7,-4.9,0.0
254,Isaiah Joe,SG,24,OKC,73,1367,13.4,.626,.729,.113,2.6,11.5,7.2,8.7,1.5,1.4,8.2,16.8,,1.8,1.4,3.1,.110,,1.2,-0.4,0.7,0.9
255,Cameron Johnson,PF,27,BRK,57,1572,14.6,.580,.571,.172,3.9,14.5,9.0,12.9,1.5,0.9,7.7,19.7,,1.9,1.3,3.2,.099,,1.1,-0.5,0.6,1.0
256,Jalen Johnson,SF,22,ATL,55,1865,16.2,.581,.286,.212,4.3,26.0,14.8,15.3,1.7,2.3,11.6,19.3,,1.9,1.7,3.6,.094,,0.3,0.7,1.1,1.4
257,James Johnson,PF,36,IND,8,40,8.0,.405,.222,.222,2.9,8.9,5.9,19.5,6.0,2.0,28.8,14.6,,-0.1,0.1,0.0,-0.012,,-6.7,3.2,-3.5,0.0
258,Keldon Johnson,SF,24,SAS,68,2015,14.4,.567,.424,.256,5.2,15.9,10.5,14.3,1.2,0.8,9.3,22.0,,1.5,1.3,2.8,.067,,-0.1,-1.4,-1.6,0.2
259,Keon Johnson,SG,21,BRK,4,51,15.3,.598,.474,.526,6.5,4.6,5.6,8.3,2.9,1.8,14.6,23.4,,0.1,0.1,0.1,.098,,0.4,-0.9,-0.5,0.0
260,Keyontae Johnson,SF,23,OKC,9,66,1.7,.344,.188,.000,7.4,10.3,8.9,7.2,0.7,0.0,20.0,13.2,,-0.1,0.0,-0.1,-0.075,,-7.6,-2.4,-10.0,-0.1
261,Nikola Jokić,C,28,DEN,75,2595,30.9,.646,.167,.311,10.0,32.7,21.6,42.5,1.9,2.2,12.7,29.8,,11.2,4.6,15.8,.293,,9.1,4.4,13.4,10.2
262,Colby Jones,SG,21,SAC,26,153,7.6,.397,.263,.088,11.2,14.9,13.0,12.1,1.3,1.2,9.2,18.3,,-0.2,0.1,0.0,-0.011,,-5.7,-1.1,-6.8,-0.2
263,Damian Jones,C,28,CLE,37,256,16.3,.660,.176,.309,9.5,19.2,14.5,8.3,1.4,4.6,14.4,15.7,,0.4,0.4,0.8,.151,,-1.7,1.5,-0.2,0.1
264,Derrick Jones Jr.,SF,26,DAL,72,1693,11.7,.592,.482,.277,5.3,11.0,8.1,5.3,1.4,2.5,10.5,15.0,,1.3,1.5,2.8,.079,,-1.2,-0.3,-1.5,0.2
265,Herbert Jones,SF,25,NOP,71,2150,13.5,.642,.456,.265,3.7,9.3,6.6,11.3,2.3,2.8,12.0,14.2,,3.1,3.0,6.1,.136,,-0.6,1.6,1.0,1.7
266,Mason Jones,SG,25,SAC,4,22,12.7,.444,.857,.286,5.2,21.8,13.3,28.2,2.2,0.0,11.3,17.3,,0.0,0.0,0.0,.080,,-0.5,1.4,0.8,0.0
267,Tre Jones,PG,24,SAS,72,1967,14.9,.604,.321,.211,3.0,11.8,7.3,30.8,1.7,0.3,15.3,14.9,,3.3,1.3,4.5,.111,,-0.2,-0.1,-0.3,0.8
268,Tyus Jones,PG,27,WAS,66,1933,16.5,.578,.384,.060,1.1,9.5,5.2,34.8,1.7,0.8,8.8,16.4,,3.7,0.7,4.4,.110,,1.5,-0.9,0.6,1.3
269,DeAndre Jordan,C,35,DEN,36,396,16.1,.610,.000,.570,16.9,30.6,23.9,8.6,0.8,3.4,16.5,15.5,,0.5,0.6,1.2,.140,,-1.7,-0.1,-1.7,0.0
270,Cory Joseph,PG,32,GSW,26,296,6.2,.470,.656,.109,2.4,9.4,5.9,17.2,0.7,0.9,15.2,11.3,,0.0,0.1,0.2,.028,,-4.1,-0.7,-4.7,-0.2
271,Nikola Jović,PF,20,MIA,41,766,12.2,.569,.579,.180,3.5,23.1,13.1,15.4,1.4,1.8,13.7,16.7,,0.3,1.2,1.4,.090,,-1.3,1.5,0.1,0.4
272,Johnny Juzang,SG,22,UTA,15,241,7.8,.544,.743,.041,3.4,10.4,6.9,7.8,0.2,0.4,7.4,14.2,,0.1,0.0,0.1,.020,,-2.6,-2.8,-5.3,-0.2
273,Luke Kennard,SG,27,MEM,39,999,13.1,.641,.756,.143,1.2,12.3,6.5,20.9,1.0,0.2,13.9,16.8,,1.3,0.7,2.0,.095,,0.6,-0.9,-0.3,0.4
274,Walker Kessler,C,22,UTA,64,1493,17.8,.663,.054,.266,12.8,24.1,18.5,5.6,1.0,9.2,14.4,12.9,,2.3,1.7,4.0,.128,,-0.4,1.3,0.8,1.1
275,Braxton Key,SF,26,DEN,19,59,15.1,.509,.294,.353,6.3,25.9,16.4,19.2,1.7,1.4,4.8,15.4,,0.1,0.1,0.2,.150,,0.0,1.3,1.3,0.0
276,Corey Kispert,SF,24,WAS,76,1919,12.7,.617,.604,.199,1.6,11.0,6.2,9.9,1.0,0.6,10.1,19.7,,1.3,0.4,1.7,.043,,-0.4,-1.8,-2.2,-0.1
277,Maxi Kleber,C,32,DAL,39,790,7.8,.535,.622,.274,3.6,14.8,9.2,9.3,0.9,2.8,14.2,9.6,,0.3,0.7,1.0,.061,,-3.0,0.9,-2.1,0.0
278,Kevin Knox,SF,24,DET,31,560,9.9,.570,.505,.118,3.7,11.9,7.8,5.9,1.1,1.1,10.1,16.6,,0.1,0.3,0.4,.032,,-2.8,-1.8,-4.6,-0.4
279,John Konchar,SF,27,MEM,55,1173,11.4,.537,.577,.120,6.8,19.0,12.7,13.0,2.2,4.1,17.4,9.8,,0.5,1.7,2.2,.088,,-2.6,2.2,-0.4,0.5
280,Furkan Korkmaz,SG,26,PHI,35,300,9.3,.519,.526,.263,1.5,10.2,5.8,11.0,2.3,0.9,10.5,13.7,,0.0,0.3,0.3,.053,,-3.2,0.4,-2.8,-0.1
281,Luke Kornet,C,28,BOS,58,885,19.3,.727,.000,.269,14.0,15.2,14.6,8.5,1.3,5.7,8.9,11.0,,2.9,1.5,4.5,.242,,1.4,2.1,3.5,1.2
282,Vit Krejci,PG,23,ATL,18,446,8.8,.680,.671,.076,1.7,8.5,5.0,11.2,1.0,1.2,13.7,8.9,,0.6,0.1,0.6,.070,,-2.7,-0.3,-3.0,-0.1
283,Jonathan Kuminga,PF,21,GSW,70,1843,17.1,.597,.191,.349,5.6,15.4,10.5,12.1,1.4,1.7,10.8,24.7,,2.4,1.6,4.0,.105,,0.1,-0.4,-0.4,0.8
284,Kyle Kuzma,PF,28,WAS,70,2281,15.8,.547,.343,.183,3.0,20.4,11.5,20.8,0.8,1.8,11.9,29.9,,-1.1,1.2,0.1,.001,,0.4,-1.6,-1.1,0.5
285,Jock Landale,C,28,HOU,51,644,15.3,.563,.180,.297,14.2,13.4,13.8,11.1,1.1,4.0,11.0,14.5,,1.1,0.8,1.9,.141,,-0.8,0.3,-0.5,0.2
286,Jake LaRavia,PF,22,MEM,32,683,10.9,.498,.508,.353,7.6,11.7,9.6,10.4,1.9,1.4,10.7,20.7,,-0.2,0.7,0.5,.033,,-2.9,-1.0,-3.9,-0.3
287,Zach LaVine,SG,28,CHI,25,872,15.1,.578,.449,.274,1.0,16.5,8.6,17.0,1.2,0.9,11.0,23.9,,0.7,0.7,1.4,.077,,0.8,-0.7,0.1,0.5
288,A.J. Lawson,SG,23,DAL,38,260,12.7,.549,.430,.210,5.3,10.9,8.1,8.0,1.9,1.0,8.4,19.8,,0.1,0.2,0.3,.062,,-2.4,-1.2,-3.6,-0.1
289,Saben Lee,PG,24,PHO,22,179,13.6,.485,.296,.722,6.2,13.5,10.0,21.6,1.9,1.5,10.1,19.2,,0.1,0.2,0.4,.094,,-2.0,0.6,-1.4,0.0
290,Alex Len,C,30,SAC,43,395,15.4,.632,.039,.390,12.4,22.8,17.5,13.0,1.4,6.9,21.0,12.4,,0.5,0.6,1.1,.138,,-2.3,2.5,0.2,0.2
291,Kawhi Leonard,SF,32,LAC,68,2330,23.2,.626,.289,.246,4.5,16.5,10.8,16.9,2.4,2.3,8.5,26.7,,5.9,2.8,8.7,.180,,4.9,0.6,5.4,4.4
292,Caris LeVert,SG,29,CLE,65,1867,14.6,.521,.408,.246,2.4,14.5,8.5,26.2,1.9,1.6,11.7,23.3,,0.7,2.4,3.1,.080,,-0.7,0.8,0.1,1.0
293,Kira Lewis Jr.,PG,22,TOT,26,221,7.7,.425,.395,.224,4.2,7.1,5.7,19.1,1.6,0.9,13.5,18.8,,-0.2,0.2,-0.1,-0.019,,-4.7,-1.5,-6.2,-0.2
294,Maxwell Lewis,SF,21,LAL,31,97,-3.5,.237,.368,.000,2.6,2.3,2.4,6.0,1.0,0.9,32.1,12.6,,-0.4,0.0,-0.4,-0.188,,-9.9,-3.0,-12.9,-0.3
295,E.J. Liddell,PF,23,NOP,8,23,4.4,.291,.833,.333,0.0,24.4,12.4,5.2,4.3,8.6,22.5,16.8,,-0.1,0.1,0.0,-0.089,,-8.7,4.0,-4.7,0.0
296,Damian Lillard,PG,33,MIL,69,2439,19.8,.592,.489,.392,1.7,12.5,7.2,29.1,1.4,0.5,11.2,28.6,,5.4,1.8,7.3,.143,,3.5,-1.3,2.2,2.6
297,Nassir Little,SF,23,PHO,42,451,9.8,.571,.571,.168,3.8,14.8,9.6,6.1,1.1,2.0,9.9,13.7,,0.2,0.5,0.7,.074,,-2.4,-0.5,-3.0,-0.1
298,Dereck Lively II,C,19,DAL,55,1294,18.1,.728,.007,.274,12.0,21.3,16.7,6.4,1.3,5.2,13.1,12.7,,3.0,1.8,4.8,.179,,-0.3,0.8,0.5,0.8
299,Isaiah Livers,PF,25,DET,23,469,5.2,.460,.664,.155,3.7,8.3,5.9,7.0,1.3,0.9,11.4,12.8,,-0.3,0.2,-0.2,-0.016,,-5.0,-1.5,-6.5,-0.5
300,Chris Livingston,SF,20,MIL,17,72,6.1,.503,.222,.111,3.3,20.5,12.1,8.8,1.3,0.0,17.5,13.7,,-0.1,0.1,0.0,.009,,-7.2,-0.9,-8.1,-0.1
301,Kenneth Lofton Jr.,PF,21,TOT,18,120,6.7,.424,.280,.300,2.8,16.0,9.1,17.9,1.2,2.3,12.4,23.2,,-0.3,0.1,-0.2,-0.068,,-6.1,-0.6,-6.7,-0.1
302,Kevon Looney,C,27,GSW,70,1137,14.8,.618,.005,.364,13.9,27.0,20.5,14.5,1.1,1.8,16.0,11.2,,2.3,1.3,3.6,.152,,-0.9,1.3,0.4,0.7
303,Brook Lopez,C,35,MIL,74,2272,14.7,.607,.530,.177,5.7,14.0,9.9,7.1,0.9,6.6,8.9,15.9,,2.8,2.6,5.4,.114,,0.1,0.8,1.0,1.7
304,Robin Lopez,C,35,MIL,16,65,6.6,.453,.421,.105,5.5,3.5,4.5,7.8,0.7,3.9,9.1,14.6,,0.0,0.0,0.0,.004,,-4.6,-1.4,-6.0,-0.1
305,Kevin Love,PF,35,MIA,50,871,18.8,.601,.689,.323,7.5,36.1,21.6,19.5,1.0,1.1,10.1,21.4,,1.7,1.5,3.2,.176,,3.0,1.1,4.1,1.3
306,Kyle Lowry,PG,37,TOT,58,1642,11.0,.594,.664,.196,2.3,11.2,6.7,20.0,1.8,1.2,16.7,13.1,,1.5,1.8,3.3,.097,,-1.8,0.9,-0.9,0.4
307,Seth Lundy,SF,23,ATL,9,52,0.2,.373,.765,.235,2.1,13.7,7.7,0.0,0.0,0.0,5.1,15.9,,-0.1,0.0,-0.1,-0.091,,-7.7,-5.0,-12.7,-0.1
308,Trey Lyles,PF,28,SAC,53,1059,11.6,.595,.686,.230,5.7,20.0,12.7,7.8,0.6,1.4,9.9,14.7,,1.1,0.9,2.0,.089,,-0.6,-1.0,-1.6,0.1
309,Théo Maledon,PG,22,TOT,17,213,3.3,.385,.429,.214,2.1,11.1,6.5,17.9,1.6,0.0,19.0,19.6,,-0.6,0.1,-0.5,-0.120,,-8.3,-2.1,-10.4,-0.5
310,Sandro Mamukelashvili,C,24,SAS,41,319,16.8,.569,.417,.204,12.6,20.5,16.5,16.5,1.1,2.6,8.5,17.1,,0.6,0.3,0.8,.127,,0.4,-0.4,0.0,0.2
311,Terance Mann,SG,27,LAC,70,1765,11.4,.597,.428,.199,5.7,9.8,7.9,8.5,1.2,0.8,7.9,13.6,,2.5,1.0,3.5,.094,,-1.1,-0.8,-1.9,0.0
312,Tre Mann,PG,22,TOT,36,827,12.6,.545,.408,.172,2.3,16.0,9.0,22.8,2.3,0.1,15.8,17.9,,0.1,0.7,0.8,.045,,-2.3,0.4,-1.8,0.0
313,Boban Marjanović,C,35,HOU,13,59,17.4,.519,.077,.423,13.1,32.2,22.6,12.9,0.0,1.6,8.9,24.5,,0.1,0.1,0.1,.107,,-1.2,-2.0,-3.2,0.0
314,Lauri Markkanen,PF,26,UTA,55,1820,21.4,.631,.493,.311,7.7,20.5,14.1,9.5,1.3,1.3,7.1,25.1,,5.1,1.0,6.0,.160,,5.1,-1.5,3.6,2.6
315,Naji Marshall,SF,26,NOP,65,1253,12.8,.574,.410,.235,4.9,16.7,10.8,13.6,1.9,1.0,13.7,16.3,,0.9,1.7,2.6,.100,,-1.3,0.6,-0.7,0.4
316,Caleb Martin,SF,28,MIA,59,1601,10.9,.536,.415,.180,5.0,14.7,9.8,11.5,1.3,1.5,11.7,17.5,,0.1,2.0,2.0,.061,,-2.3,0.1,-2.2,-0.1
317,Cody Martin,SF,28,CHO,28,753,9.2,.460,.400,.153,2.8,14.2,8.3,19.1,2.1,2.2,16.1,16.1,,-0.8,0.6,-0.2,-0.010,,-4.1,0.6,-3.6,-0.3
318,KJ Martin,SF,23,TOT,59,723,9.8,.557,.159,.233,6.4,14.3,10.3,9.5,1.4,1.5,14.2,13.6,,0.2,0.7,0.9,.062,,-4.1,-0.1,-4.3,-0.4
319,Garrison Mathews,SG,27,ATL,62,896,9.3,.699,.856,.210,1.9,9.3,5.4,4.7,0.9,0.7,7.8,10.8,,1.4,0.1,1.6,.085,,-1.9,-0.9,-2.7,-0.2
320,Bennedict Mathurin,SF,21,IND,59,1538,13.0,.562,.323,.338,4.6,13.4,8.9,9.9,1.1,0.7,11.3,23.5,,0.6,0.7,1.3,.042,,-1.2,-2.3,-3.5,-0.6
321,Wesley Matthews,SG,37,ATL,35,408,8.0,.506,.711,.227,2.4,12.8,7.4,6.7,1.8,2.4,7.0,11.8,,0.1,0.2,0.4,.043,,-3.2,0.2,-3.1,-0.1
322,Tyrese Maxey,PG,23,PHI,67,2503,19.6,.571,.405,.267,1.6,10.0,5.7,27.1,1.3,1.2,7.0,27.9,,5.4,1.9,7.3,.139,,4.0,-1.1,2.9,3.1
323,Skylar Mays,PG-SG,26,TOT,35,427,12.0,.468,.342,.108,2.6,9.4,5.9,29.1,2.3,0.8,10.8,18.6,,0.0,0.4,0.4,.043,,-2.0,0.0,-2.0,0.0
324,Miles McBride,PG,23,NYK,64,1252,13.2,.598,.584,.117,2.7,6.3,4.5,11.9,1.9,0.5,6.1,16.6,,2.3,1.1,3.5,.132,,-0.4,0.4,0.0,0.6
325,CJ McCollum,PG,32,NOP,61,1972,17.3,.581,.524,.137,2.0,13.0,7.6,21.2,1.5,2.0,9.0,24.6,,2.6,2.4,5.0,.121,,2.8,-0.2,2.6,2.3
326,T.J. McConnell,PG,31,IND,67,1209,20.3,.576,.068,.115,3.5,14.4,8.9,41.3,2.7,0.5,15.2,23.3,,2.2,1.1,3.3,.130,,2.5,0.2,2.7,1.4
327,Jaden McDaniels,SF,23,MIN,67,1958,9.5,.570,.401,.125,3.6,9.0,6.4,6.7,1.6,1.8,11.9,16.1,,0.1,3.0,3.1,.076,,-3.3,0.9,-2.4,-0.2
328,Jalen McDaniels,SF,26,TOR,46,481,5.4,.418,.396,.172,3.6,14.3,8.8,9.7,1.7,1.1,13.3,18.8,,-1.0,0.3,-0.7,-0.074,,-7.0,-1.7,-8.7,-0.8
329,Doug McDermott,SF,32,TOT,61,869,8.9,.598,.811,.070,1.2,6.5,3.8,10.4,0.8,0.2,9.1,14.9,,0.5,0.2,0.7,.038,,-1.6,-2.0,-3.6,-0.3
330,JaVale McGee,C,36,SAC,44,328,18.6,.616,.040,.347,13.6,28.6,20.9,6.8,1.9,5.6,18.3,22.9,,0.1,0.6,0.6,.095,,-2.0,0.5,-1.5,0.0
331,Bryce McGowens,SG,21,CHO,55,820,9.0,.565,.449,.343,2.2,11.6,6.7,7.8,1.2,0.9,10.2,14.3,,0.2,0.3,0.6,.034,,-4.0,-0.9,-4.9,-0.6
332,Jordan McLaughlin,PG,27,MIN,51,554,15.5,.625,.624,.105,3.4,10.5,7.1,23.9,2.8,1.1,10.3,12.5,,1.2,1.0,2.2,.193,,1.6,3.2,4.8,0.9
333,De'Anthony Melton,SG,25,PHI,36,1002,13.5,.540,.595,.227,3.1,12.9,7.9,15.2,2.8,1.5,9.2,18.3,,0.7,1.3,2.0,.095,,-0.6,1.0,0.4,0.6
334,Nathan Mensah,C,25,CHO,25,307,5.1,.496,.000,.429,10.5,13.9,12.2,3.7,1.0,4.3,29.6,6.8,,-0.1,0.2,0.2,.025,,-8.7,-0.1,-8.9,-0.5
335,Sam Merrill,SG,27,CLE,60,1063,13.2,.600,.901,.071,2.5,10.8,6.7,14.1,0.9,0.3,4.5,17.7,,1.9,0.9,2.7,.124,,1.3,-0.8,0.5,0.7
336,Chimezie Metu,C,26,TOT,47,724,13.9,.614,.368,.294,6.0,19.7,13.0,7.5,2.6,1.9,15.4,16.3,,0.5,1.0,1.5,.098,,-1.9,1.1,-0.8,0.2
337,Vasilije Micić,PG,30,TOT,55,1071,11.1,.530,.408,.211,1.5,7.3,4.4,30.8,1.3,0.5,19.2,18.7,,0.0,0.5,0.5,.021,,-2.3,-2.0,-4.3,-0.6
338,Khris Middleton,SF,32,MIL,51,1386,17.1,.592,.389,.185,3.2,16.4,9.9,28.5,1.7,0.9,14.6,23.9,,1.8,1.3,3.1,.108,,1.1,-0.1,1.1,1.1
339,Brandon Miller,SF,21,CHO,70,2265,12.9,.550,.449,.152,2.9,12.8,7.6,11.6,1.4,1.6,10.2,23.9,,-0.6,1.2,0.6,.013,,-1.0,-1.6,-2.6,-0.4
340,Jordan Miller,SF,24,LAC,8,28,14.1,.658,.222,.222,13.5,8.3,10.8,0.0,0.0,0.0,9.2,17.2,,0.1,0.0,0.1,.111,,0.4,-4.3,-3.9,0.0
341,Leonard Miller,SF,20,MIN,13,42,28.3,.800,.267,.000,6.0,32.5,19.9,28.2,2.4,2.1,6.3,16.9,,0.2,0.1,0.3,.350,,6.5,5.8,12.3,0.2
342,Dariq Whitehead,SF,19,BRK,2,24,5.0,.255,.600,.400,0.0,19.7,9.5,15.5,0.0,3.8,0.0,10.7,,0.0,0.0,0.0,-0.029,,-5.4,-2.4,-7.8,0.0
343,Patty Mills,PG,35,TOT,30,396,7.4,.469,.653,.073,2.6,7.6,5.0,11.3,2.5,0.2,11.1,15.9,,-0.3,0.3,0.0,.006,,-5.0,0.5,-4.5,-0.2
344,Shake Milton,SG,27,TOT,48,581,9.3,.499,.328,.251,2.9,12.1,7.7,14.4,1.6,0.9,12.5,18.8,,-0.3,0.8,0.6,.047,,-4.3,0.6,-3.7,-0.3
345,Justin Minaya,SF,24,POR,29,241,5.8,.371,.622,.178,7.3,10.3,8.7,6.0,1.6,3.4,12.6,9.9,,-0.2,0.2,0.0,-0.002,,-5.0,-0.4,-5.3,-0.2
346,Josh Minott,SF,21,MIN,28,81,20.3,.579,.290,.452,6.2,18.2,12.6,12.7,3.1,5.5,5.1,21.5,,0.2,0.2,0.4,.221,,0.8,4.0,4.9,0.1
347,Davion Mitchell,PG,25,SAC,67,983,9.4,.566,.491,.125,2.1,8.4,5.2,15.7,0.8,0.3,11.4,14.5,,0.7,0.5,1.2,.060,,-2.4,-1.0,-3.4,-0.3
348,Donovan Mitchell,SG,27,CLE,53,1871,21.9,.594,.454,.293,2.8,14.3,8.7,28.3,2.5,1.4,11.3,31.6,,3.2,2.7,5.9,.150,,4.4,1.2,5.6,3.6
349,Evan Mobley,PF,22,CLE,46,1415,20.4,.632,.101,.315,8.9,27.7,18.5,16.0,1.5,4.3,12.7,20.7,,2.6,2.5,5.1,.173,,1.0,2.2,3.1,1.8
350,Isaiah Mobley,PF,24,CLE,8,54,6.0,.462,.538,.000,0.0,13.0,6.6,14.4,0.9,0.0,7.1,11.5,,0.0,0.0,0.0,.040,,-4.9,-1.1,-6.0,-0.1
351,Malik Monk,SG,25,SAC,72,1872,15.9,.564,.474,.230,1.7,11.8,6.6,28.8,1.2,1.9,13.2,26.0,,1.7,1.5,3.3,.083,,1.5,-1.0,0.4,1.1
352,Moses Moody,SG,21,GSW,61,1071,14.1,.584,.479,.218,6.8,13.1,9.9,6.4,1.8,1.9,8.6,18.5,,1.3,1.0,2.2,.100,,0.1,0.2,0.3,0.6
353,Xavier Moon,SG,29,LAC,10,39,5.0,.346,.333,.133,9.7,8.9,9.3,23.8,1.3,2.3,20.1,22.6,,-0.1,0.0,-0.1,-0.120,,-6.9,-2.8,-9.7,-0.1
354,Taze Moore,SG,25,POR,3,10,14.3,.600,.400,.000,0.0,0.0,0.0,19.4,5.0,0.0,16.7,25.7,,0.0,0.0,0.0,.019,,-4.6,1.7,-2.8,0.0
355,Wendell Moore Jr.,SG,22,MIN,21,65,9.1,.500,.286,.000,0.0,17.5,9.2,10.3,3.9,1.4,17.6,11.6,,-0.1,0.2,0.1,.069,,-6.0,4.3,-1.7,0.0
356,Ja Morant,PG,24,MEM,9,318,20.6,.570,.300,.376,2.1,16.7,9.1,42.3,1.1,1.5,12.0,30.6,,0.5,0.3,0.8,.118,,2.7,0.4,3.1,0.4
357,Marcus Morris,PF,34,TOT,47,786,10.4,.562,.453,.173,3.2,16.1,9.6,6.4,1.0,1.5,9.6,16.8,,0.2,0.7,1.0,.060,,-2.1,-1.3,-3.4,-0.3
358,Markieff Morris,PF,34,DAL,22,173,7.5,.502,.630,.074,2.7,17.7,10.2,8.8,1.4,0.5,15.2,16.4,,-0.2,0.2,0.0,.000,,-3.5,-1.3,-4.8,-0.1
359,Monte Morris,PG,28,TOT,28,423,13.8,.516,.445,.139,2.0,11.1,6.7,20.7,2.1,1.5,4.0,15.8,,0.5,0.6,1.2,.131,,-0.7,1.7,1.0,0.3
360,Trey Murphy III,SF,23,NOP,52,1495,15.9,.599,.711,.235,3.0,16.0,9.6,10.3,1.5,1.8,4.8,18.8,,2.6,2.0,4.5,.145,,2.2,0.0,2.2,1.6
361,Dejounte Murray,SG,27,ATL,75,2673,17.8,.556,.381,.181,2.3,15.1,8.5,27.7,1.9,0.8,11.2,26.7,,3.1,1.5,4.6,.083,,2.3,-0.7,1.6,2.5
362,Jamal Murray,PG,26,DEN,55,1754,20.1,.579,.336,.191,2.7,12.5,7.7,31.3,1.5,1.7,10.6,27.8,,3.3,1.8,5.1,.140,,4.0,-0.5,3.5,2.4
363,Keegan Murray,SF,23,SAC,72,2407,13.2,.572,.516,.129,4.6,14.5,9.4,6.9,1.5,2.0,6.2,18.0,,2.2,2.4,4.6,.091,,-0.5,-0.6,-1.1,0.5
364,Kris Murray,SF,23,POR,57,1155,9.0,.482,.489,.145,6.2,12.6,9.2,8.8,2.1,1.3,12.4,14.0,,-0.5,1.0,0.6,.023,,-3.5,-0.1,-3.6,-0.5
365,Mike Muscala,C,32,TOT,49,562,8.1,.481,.627,.167,7.0,16.5,11.7,7.7,0.8,1.9,10.6,13.6,,-0.1,0.3,0.2,.014,,-3.6,-1.4,-5.0,-0.4
366,Svi Mykhailiuk,SF,26,BOS,36,311,10.0,.529,.820,.070,3.3,9.9,6.8,10.3,1.6,0.0,8.0,15.7,,0.2,0.4,0.5,.081,,-2.0,-0.3,-2.3,0.0
367,Larry Nance Jr.,C,31,NOP,58,1134,14.7,.655,.267,.240,8.9,19.9,14.5,11.4,2.4,1.6,15.6,11.3,,1.8,1.9,3.7,.156,,-0.2,2.1,1.8,1.1
368,Pete Nance,PF,23,CLE,6,14,-10.9,.000,.000,1.000,0.0,16.7,8.5,0.0,0.0,0.0,25.8,12.3,,-0.1,0.0,-0.1,-0.299,,-16.2,-4.8,-21.0,-0.1
369,Andrew Nembhard,PG,24,IND,64,1587,11.2,.568,.323,.103,2.6,7.3,4.9,20.0,1.8,0.3,15.8,16.3,,0.9,0.7,1.7,.050,,-1.8,-0.6,-2.4,-0.1
370,Aaron Nesmith,SF,24,IND,68,1876,12.9,.630,.533,.205,3.7,12.4,8.1,6.7,1.6,2.0,8.5,16.1,,2.4,1.3,3.7,.095,,-0.2,-0.2,-0.4,0.8
371,Georges Niang,PF,30,CLE,78,1750,10.0,.584,.623,.096,1.5,16.4,9.1,7.6,0.8,0.9,10.1,17.8,,0.4,1.8,2.2,.061,,-2.6,-0.4,-2.9,-0.4
372,Daishen Nix,PG,21,MIN,13,46,11.1,.463,.682,.182,0.0,4.9,2.6,16.0,5.5,0.0,11.2,25.9,,-0.1,0.1,0.0,.001,,-4.3,2.3,-2.0,0.0
373,Zeke Nnaji,PF,23,DEN,54,536,12.5,.527,.158,.424,13.4,13.0,13.2,7.3,1.3,5.9,14.1,15.8,,0.3,0.7,1.0,.091,,-3.7,0.2,-3.5,-0.2
374,Jaylen Nowell,SG,24,TOT,11,195,9.6,.499,.375,.097,3.5,9.2,6.2,14.3,1.0,0.9,7.4,17.9,,0.0,0.1,0.1,.019,,-3.9,-1.2,-5.1,-0.2
375,Markquis Nowell,SG,24,TOR,1,4,55.0,.532,.000,2.000,57.0,0.0,29.1,57.1,12.3,0.0,0.0,20.2,,0.0,0.0,0.1,.659,,29.1,14.2,43.3,0.0
376,Frank Ntilikina,PG,25,CHO,5,43,0.2,.253,.889,.222,2.6,13.8,8.0,11.5,0.0,0.0,9.2,11.2,,-0.1,0.0,-0.1,-0.095,,-10.0,-3.4,-13.4,-0.1
377,Jusuf Nurkić,C,29,PHO,72,1965,17.4,.558,.146,.413,13.5,32.2,23.4,19.2,1.8,3.4,18.4,19.5,,1.6,3.6,5.3,.128,,-1.0,1.8,0.7,1.3
378,Jordan Nwora,SF,25,TOT,48,650,13.2,.557,.440,.179,4.1,19.5,11.7,12.3,1.9,1.3,14.0,22.5,,-0.2,0.5,0.3,.025,,-1.6,-1.6,-3.2,-0.2
379,Royce O'Neale,SF,30,TOT,74,1830,11.1,.552,.782,.061,3.6,18.6,11.0,14.9,1.4,2.0,11.9,14.0,,1.2,2.0,3.2,.083,,-1.0,1.0,0.0,0.9
380,Chuma Okeke,SF,25,ORL,43,421,7.1,.468,.734,.064,5.1,17.3,11.1,6.1,1.1,1.5,11.8,13.2,,-0.3,0.6,0.3,.035,,-3.1,-0.1,-3.2,-0.1
381,Josh Okogie,SG,25,PHO,57,953,11.7,.549,.458,.502,9.4,9.1,9.2,8.5,2.4,2.1,12.7,12.9,,0.9,1.1,2.0,.100,,-1.5,0.8,-0.7,0.3
382,Onyeka Okongwu,C,23,ATL,55,1405,16.9,.674,.189,.318,11.4,19.6,15.3,7.2,0.9,3.8,9.8,13.8,,3.5,0.9,4.4,.150,,0.1,-0.5,-0.4,0.6
383,Isaac Okoro,SF,23,CLE,65,1781,11.3,.594,.447,.265,4.5,8.5,6.5,9.6,1.6,1.7,9.5,14.2,,1.8,1.9,3.7,.099,,-1.9,0.8,-1.1,0.4
384,Kelly Olynyk,C,32,TOT,74,1643,17.1,.655,.316,.355,7.1,19.5,13.3,28.0,2.1,1.6,20.9,17.4,,3.0,1.3,4.3,.127,,0.6,1.1,1.8,1.6
385,Eugene Omoruyi,SF,26,WAS,39,325,15.4,.531,.254,.328,10.6,17.4,13.9,12.4,3.5,1.0,10.5,22.3,,0.1,0.4,0.4,.065,,-3.0,0.1,-2.9,-0.1
386,Cedi Osman,SF,28,SAS,72,1269,11.3,.601,.576,.135,2.2,14.0,8.0,13.0,1.4,0.7,10.4,15.2,,0.9,0.8,1.7,.065,,-1.7,-0.4,-2.1,0.0
387,Kelly Oubre Jr.,SF,28,PHI,64,1924,13.6,.536,.371,.263,5.3,13.8,9.5,7.3,1.9,2.0,8.3,22.4,,0.5,2.1,2.6,.065,,-1.5,-0.8,-2.3,-0.1
388,Chris Paul,PG,38,GSW,53,1388,15.1,.551,.449,.124,1.5,15.7,8.7,33.6,2.2,0.3,13.0,15.5,,2.6,1.4,4.0,.139,,0.2,1.3,1.5,1.2
389,Cameron Payne,PG,29,TOT,74,1228,12.9,.570,.549,.146,1.8,8.4,5.1,21.8,1.5,0.8,11.4,19.5,,1.3,0.9,2.2,.086,,-0.4,-0.7,-1.1,0.3
390,Gary Payton II,SG,31,GSW,42,650,14.0,.616,.297,.120,8.3,11.2,9.8,9.2,3.0,2.4,12.4,13.7,,0.8,0.8,1.6,.117,,-1.3,2.4,1.1,0.5
391,Mãozinha Pereira,SF,23,MEM,7,122,15.7,.609,.371,.286,10.0,25.7,17.5,2.5,2.4,3.1,11.3,15.7,,0.1,0.2,0.3,.120,,-1.2,0.7,-0.5,0.0
392,Drew Peterson,PF,24,BOS,1,3,43.6,1.500,1.000,.000,0.0,0.0,0.0,58.4,0.0,0.0,0.0,14.5,,0.0,0.0,0.0,.744,,28.5,13.4,41.9,0.0
393,Filip Petrušev,C,23,TOT,3,10,5.2,.521,.000,1.000,0.0,11.7,5.8,0.0,0.0,0.0,0.0,12.4,,0.0,0.0,0.0,.025,,-4.7,-3.3,-8.0,0.0
394,Julian Phillips,SF,20,CHI,40,323,7.0,.521,.494,.247,4.2,8.8,6.5,5.3,1.1,2.2,10.5,13.0,,0.0,0.2,0.2,.030,,-4.7,-0.5,-5.3,-0.3
395,Jalen Pickett,SG,24,DEN,25,120,9.7,.571,.714,.114,1.0,12.8,7.0,21.1,1.7,0.0,19.7,16.8,,0.0,0.1,0.1,.056,,-2.8,-0.6,-3.4,0.0
396,Scotty Pippen Jr.,PG,23,MEM,17,404,15.8,.617,.379,.307,4.1,9.9,6.9,29.5,3.2,2.1,21.3,21.6,,0.2,0.5,0.7,.088,,-0.3,1.5,1.2,0.3
397,Mason Plumlee,C,33,LAC,41,576,16.6,.649,.016,.696,11.4,29.8,20.9,10.0,1.0,2.3,14.6,14.7,,1.2,0.7,1.9,.158,,-0.6,0.3,-0.3,0.3
398,Brandin Podziemski,SG,20,GSW,69,1839,12.8,.532,.392,.135,7.1,18.0,12.6,18.3,1.6,0.6,12.5,15.7,,1.8,1.7,3.4,.090,,-0.7,0.4,-0.2,0.8
399,Jakob Poeltl,C,28,TOR,50,1319,18.8,.653,.000,.283,12.6,25.5,18.9,14.0,1.3,5.0,15.3,16.4,,2.2,1.4,3.7,.134,,-0.3,1.0,0.7,0.9
400,Aleksej Pokusevski,PF,22,TOT,23,309,12.0,.502,.471,.379,5.5,17.2,11.2,12.8,2.1,2.7,12.1,16.5,,0.0,0.3,0.3,.046,,-1.8,0.3,-1.5,0.0
401,Jordan Poole,SG,24,WAS,76,2273,11.9,.528,.474,.187,1.5,8.9,5.1,20.9,1.7,0.9,12.9,26.4,,-1.7,0.8,-0.9,-0.019,,-2.3,-1.8,-4.1,-1.2
402,Craig Porter Jr.,PG,23,CLE,49,638,15.5,.565,.150,.248,4.0,15.6,9.9,26.6,1.6,2.0,15.2,20.6,,0.5,0.8,1.3,.101,,-0.6,1.0,0.4,0.4
403,Jontay Porter,PF,24,TOR,26,360,14.9,.514,.577,.173,8.2,18.5,13.3,21.8,2.7,4.9,15.8,15.9,,0.2,0.4,0.6,.086,,-0.3,1.9,1.6,0.3
404,Michael Porter Jr.,SF,25,DEN,77,2445,15.8,.606,.517,.102,5.2,21.3,13.4,6.7,0.8,1.7,7.6,20.9,,3.1,2.8,5.9,.115,,1.4,-1.1,0.3,1.5
405,Otto Porter Jr.,SF,30,TOR,15,174,8.8,.568,.697,.091,3.9,15.7,9.7,5.8,1.4,2.5,5.5,9.0,,0.1,0.1,0.3,.069,,-3.5,0.3,-3.2,-0.1
406,Bobby Portis,PF,28,MIL,77,1874,17.0,.572,.271,.143,8.4,26.2,17.5,7.4,1.6,1.4,8.1,22.8,,1.7,2.4,4.1,.104,,-0.4,-1.1,-1.4,0.3
407,Kristaps Porziņģis,C,28,BOS,55,1637,23.2,.649,.389,.398,6.6,19.3,13.2,10.2,1.2,5.6,9.1,25.3,,4.7,3.0,7.7,.225,,3.6,1.6,5.2,3.0
408,Micah Potter,PF,25,UTA,13,136,10.4,.714,.609,.217,4.2,20.1,12.2,1.9,1.1,2.0,13.7,9.0,,0.1,0.1,0.2,.077,,-1.0,-0.9,-1.9,0.0
409,Dwight Powell,C,32,DAL,61,788,14.5,.721,.020,.881,12.8,15.5,14.2,12.3,1.5,2.1,17.6,9.3,,2.1,0.8,2.9,.178,,-0.9,0.9,-0.1,0.4
410,Norman Powell,SG,30,LAC,73,1914,14.3,.633,.500,.234,1.0,10.4,5.9,6.0,1.1,1.0,7.4,20.3,,2.9,1.1,4.0,.100,,0.6,-1.3,-0.6,0.7
411,Jason Preston,PG,24,UTA,5,47,14.2,.417,.083,.000,9.8,17.0,13.4,36.2,2.1,0.0,14.3,12.5,,0.1,0.0,0.1,.083,,-0.9,0.3,-0.6,0.0
412,Joshua Primo,SG,21,LAC,2,10,-12.8,.333,.333,.000,12.6,0.0,6.0,0.0,0.0,9.0,57.1,31.0,,-0.1,0.0,-0.1,-0.599,,-16.8,-8.3,-25.1,-0.1
413,Taurean Prince,PF,29,LAL,74,2020,9.1,.583,.629,.117,1.2,11.2,6.4,7.4,1.3,1.5,10.3,13.8,,0.3,1.6,1.9,.046,,-2.5,-0.1,-2.6,-0.3
414,Payton Pritchard,PG,26,BOS,77,1681,14.1,.583,.632,.093,4.6,11.2,8.0,19.0,1.1,0.3,8.5,16.5,,3.2,1.9,5.1,.147,,0.7,-0.1,0.6,1.1
415,Olivier-Maxence Prosper,PF,21,DAL,36,264,10.6,.461,.453,.453,8.7,18.9,13.8,9.4,0.9,1.0,5.3,15.5,,0.1,0.2,0.4,.066,,-2.4,-1.2,-3.6,-0.1
416,Trevelin Queen,SG,26,ORL,13,163,8.3,.462,.447,.316,2.2,11.9,7.0,14.7,2.1,2.9,13.9,13.5,,-0.1,0.3,0.2,.056,,-4.7,1.3,-3.4,-0.1
417,Neemias Queta,C,24,BOS,26,296,19.8,.636,.000,.289,18.0,21.9,20.0,6.5,1.8,4.5,9.7,15.3,,0.8,0.6,1.4,.230,,-0.7,0.8,0.1,0.2
418,Immanuel Quickley,PG-SG,24,TOT,65,1885,16.4,.572,.483,.264,1.0,14.2,7.5,23.7,1.3,0.4,8.7,23.6,,3.1,1.2,4.3,.109,,1.9,-0.9,1.0,1.5
419,Lester Quinones,SG,23,GSW,34,373,10.4,.540,.630,.213,6.3,15.5,10.9,11.5,0.8,0.5,10.3,17.6,,0.3,0.2,0.5,.066,,-1.9,-1.0,-2.9,-0.1
420,Jahmi'us Ramsey,SG,22,TOR,7,121,10.7,.538,.537,.146,3.8,17.7,10.6,9.1,2.8,0.0,13.8,18.0,,-0.1,0.1,0.0,.019,,-3.9,-0.6,-4.5,-0.1
421,Julius Randle,PF,29,NYK,46,1630,18.9,.569,.292,.361,7.2,23.8,15.5,23.0,0.8,0.7,14.1,30.0,,1.9,1.9,3.8,.111,,2.2,-0.2,1.9,1.6
422,Duop Reath,C,27,POR,63,1129,15.0,.581,.499,.182,8.2,15.5,11.6,9.2,1.3,2.7,9.4,20.6,,1.2,1.0,2.2,.094,,-0.3,-0.7,-1.1,0.3
423,Austin Reaves,SG,25,LAL,78,2505,15.6,.612,.441,.292,2.7,12.8,8.0,24.0,1.2,0.8,14.2,20.4,,3.6,1.9,5.5,.105,,0.8,-0.3,0.5,1.6
424,Cam Reddish,SF,24,LAL,46,961,7.8,.506,.474,.237,3.3,8.3,5.9,6.0,2.4,1.3,11.0,12.8,,-0.3,0.9,0.6,.029,,-4.1,1.0,-3.0,-0.3
425,Paul Reed,C,24,PHI,78,1502,17.3,.582,.121,.183,13.6,21.6,17.5,9.5,2.1,4.9,11.5,15.8,,2.2,2.4,4.6,.148,,-0.6,0.8,0.2,0.8
426,Naz Reid,C,24,MIN,76,1842,16.0,.596,.484,.166,4.9,20.1,12.9,8.4,1.6,3.3,10.9,23.1,,1.0,3.6,4.6,.120,,0.5,1.2,1.7,1.7
427,Jared Rhoden,SG,24,DET,13,154,8.6,.554,.421,.211,1.5,13.7,7.5,9.7,0.9,3.9,12.6,13.2,,0.0,0.1,0.1,.033,,-4.2,0.4,-3.8,-0.1
428,Nick Richards,C,26,CHO,64,1702,16.6,.713,.003,.486,11.0,25.0,17.8,4.4,0.7,4.1,13.6,13.2,,3.5,1.5,5.0,.141,,-1.6,-0.7,-2.2,-0.1
429,Josh Richardson,SG,30,MIA,43,1103,11.5,.573,.548,.156,1.9,11.3,6.5,13.8,1.1,1.2,8.9,16.5,,0.9,1.2,2.0,.089,,-1.3,0.0,-1.3,0.2
430,Duncan Robinson,SF,29,MIA,67,1893,12.4,.616,.699,.134,0.9,9.9,5.3,15.2,1.2,0.8,11.6,19.0,,1.6,2.0,3.6,.090,,-0.3,-0.4,-0.7,0.6
431,Jerome Robinson,SG,26,GSW,20,73,3.4,.367,.548,.323,1.6,7.9,4.8,8.8,0.0,3.7,5.3,21.8,,-0.2,0.0,-0.1,-0.091,,-7.2,-2.9,-10.1,-0.1
432,Mitchell Robinson,C,25,NYK,26,682,16.1,.542,.000,.474,22.6,20.0,21.3,3.5,2.6,4.1,15.1,10.5,,0.9,1.2,2.0,.143,,-0.4,0.5,0.1,0.4
433,Orlando Robinson,C,23,MIA,33,300,14.2,.596,.208,.347,10.9,22.6,16.7,16.0,1.2,2.6,17.8,15.1,,0.4,0.5,0.8,.131,,-1.8,0.8,-1.0,0.1
434,Jeremiah Robinson-Earl,PF,23,NOP,34,321,11.9,.565,.416,.169,7.9,17.8,12.9,8.7,1.5,1.2,13.6,15.0,,0.2,0.4,0.6,.091,,-1.8,-0.1,-1.9,0.0
435,David Roddy,PF,22,TOT,63,1172,8.8,.485,.402,.167,5.0,16.1,10.4,10.3,1.1,0.9,11.5,18.3,,-1.0,1.0,0.0,.001,,-4.0,-1.0,-5.0,-0.9
436,Ryan Rollins,PG,21,WAS,10,66,22.7,.631,.120,.680,3.4,15.8,9.4,24.0,5.8,3.7,17.7,25.3,,0.1,0.1,0.2,.142,,0.5,4.5,5.0,0.1
437,Derrick Rose,PG,35,MEM,24,399,13.1,.540,.248,.164,1.9,11.5,6.5,32.4,1.0,0.5,14.9,22.5,,0.1,0.3,0.3,.041,,-1.4,-1.5,-2.8,-0.1
438,Terry Rozier,PG-SG,29,TOT,60,2019,17.4,.557,.413,.200,2.0,12.6,7.2,27.5,1.5,1.0,9.0,26.1,,2.0,1.7,3.7,.089,,2.3,-0.7,1.6,1.8
439,Rayan Rupert,SG,19,POR,34,472,6.6,.476,.433,.175,4.2,14.4,9.0,13.5,1.1,0.6,16.2,14.0,,-0.3,0.3,0.0,.003,,-5.2,-1.2,-6.4,-0.5
440,D'Angelo Russell,PG,27,LAL,72,2336,16.4,.595,.502,.175,1.5,9.3,5.6,27.6,1.4,1.3,12.1,23.5,,3.0,1.7,4.7,.096,,1.9,-0.7,1.1,1.8
441,Matt Ryan,SF,26,NOP,26,386,9.0,.638,.805,.124,1.8,9.6,5.7,5.8,0.8,0.3,13.8,15.6,,0.2,0.3,0.5,.064,,-1.3,-1.3,-2.7,-0.1
442,Domantas Sabonis,C,27,SAC,77,2755,23.3,.639,.080,.386,11.3,34.1,22.4,34.0,1.2,1.5,17.7,22.3,,7.8,3.7,11.5,.201,,4.2,2.4,6.6,5.9
443,Luka Šamanić,PF,24,UTA,38,274,8.8,.488,.431,.353,5.1,26.2,15.7,5.0,0.4,2.3,12.0,20.5,,-0.2,0.1,-0.1,-0.017,,-4.8,-2.5,-7.3,-0.4
444,Jermaine Samuels,SF,25,HOU,12,55,16.0,.720,.154,.154,6.0,18.3,12.1,5.2,0.9,1.7,0.0,10.8,,0.2,0.1,0.2,.190,,0.5,0.8,1.3,0.0
445,Adama Sanogo,PF,21,CHI,5,14,34.3,.940,.000,.750,24.4,42.5,33.3,0.0,0.0,0.0,15.8,19.9,,0.1,0.0,0.1,.305,,9.6,0.6,10.2,0.0
446,Gui Santos,PF,21,GSW,20,158,15.6,.662,.500,.341,11.1,21.2,16.2,9.1,0.9,1.1,12.2,15.5,,0.4,0.1,0.5,.160,,0.3,-0.2,0.1,0.1
447,Dario Šarić,C,29,GSW,62,1080,15.3,.599,.509,.234,7.7,22.1,14.9,17.8,1.4,0.8,15.0,19.4,,1.6,1.1,2.7,.118,,0.7,0.4,1.1,0.8
448,Olivier Sarr,C,24,OKC,14,95,15.3,.664,.316,.789,12.9,29.8,21.7,2.6,0.0,6.8,10.5,13.2,,0.2,0.2,0.4,.183,,-2.5,-0.1,-2.6,0.0
449,Marcus Sasser,PG,23,DET,67,1228,11.5,.537,.469,.126,0.8,10.2,5.5,25.4,1.6,0.7,14.0,19.4,,0.2,0.6,0.8,.033,,-1.8,-1.0,-2.7,-0.2
450,Admiral Schofield,PF,26,ORL,21,79,5.3,.462,.625,.083,3.0,20.0,11.4,10.5,0.6,0.0,13.9,16.0,,-0.1,0.1,0.0,-0.001,,-4.7,-0.8,-5.5,-0.1
451,Dennis Schröder,PG,30,TOT,78,2420,13.4,.555,.395,.230,1.7,9.4,5.4,27.8,1.2,0.6,13.3,20.3,,2.1,0.9,3.1,.061,,-0.4,-1.4,-1.8,0.1
452,Dereon Seabron,SG,23,NOP,6,55,9.3,.448,.154,.462,2.1,12.3,7.2,11.2,1.8,1.8,0.0,12.4,,0.0,0.1,0.1,.088,,-2.7,1.2,-1.4,0.0
453,Alperen Sengun,C,21,HOU,63,2046,22.0,.585,.113,.358,9.8,22.2,16.0,25.4,1.8,2.1,12.5,27.1,,3.5,3.2,6.8,.159,,3.1,1.8,4.9,3.5
454,Brice Sensabaugh,SF,20,UTA,27,463,7.8,.505,.545,.180,3.0,17.2,10.1,13.6,1.2,0.6,18.5,20.1,,-0.6,0.2,-0.4,-0.041,,-3.9,-2.1,-6.0,-0.5
455,Collin Sexton,SG,25,UTA,77,2048,19.9,.610,.316,.356,4.0,7.3,5.7,29.4,1.5,0.7,12.0,27.6,,5.0,0.3,5.3,.125,,3.8,-1.9,1.9,2.0
456,Landry Shamet,SG,26,WAS,46,726,10.5,.556,.573,.168,2.4,7.3,4.8,10.2,1.6,1.1,9.3,18.9,,0.1,0.2,0.3,.020,,-2.7,-1.3,-4.0,-0.4
457,Day'Ron Sharpe,C,22,BRK,59,886,20.2,.601,.049,.435,19.3,29.7,24.3,14.0,1.3,4.2,16.6,19.8,,1.5,1.3,2.8,.152,,-0.2,0.4,0.2,0.5
458,Shaedon Sharpe,SG,20,POR,32,1059,11.4,.524,.415,.274,4.3,13.8,8.8,13.7,1.3,1.0,12.9,22.6,,-0.3,0.7,0.4,.020,,-1.9,-0.9,-2.9,-0.2
459,Ben Sheppard,SG,22,IND,53,727,8.4,.534,.673,.127,1.9,10.9,6.4,7.4,2.0,0.2,5.7,13.3,,0.3,0.4,0.8,.051,,-3.3,0.1,-3.3,-0.2
460,Pascal Siakam,PF,29,TOT,76,2541,19.7,.600,.196,.315,5.9,19.0,12.3,20.0,1.2,0.8,9.0,25.4,,4.8,1.5,6.3,.119,,2.7,-0.6,2.1,2.7
461,Ben Simmons,PG,27,BRK,15,359,16.3,.571,.000,.203,9.5,29.0,18.9,32.9,1.7,2.3,25.1,13.0,,0.5,0.5,1.0,.131,,-0.4,3.0,2.6,0.4
462,Kobi Simmons,PG,26,TOR,4,67,14.5,.476,.381,.000,1.7,10.6,6.1,24.1,4.4,2.6,4.5,14.1,,0.1,0.1,0.1,.096,,-2.7,1.6,-1.1,0.0
463,Anfernee Simons,SG,24,POR,46,1582,15.9,.568,.484,.213,1.5,11.3,6.1,27.4,0.7,0.3,12.1,28.2,,1.4,0.7,2.1,.064,,2.7,-2.5,0.1,0.8
464,Zavier Simpson,PG,26,MEM,3,72,6.1,.337,.364,.182,4.6,6.7,5.6,21.1,3.4,3.9,20.2,17.9,,-0.2,0.1,-0.1,-0.076,,-5.6,1.7,-3.9,0.0
465,Jericho Sims,C,25,NYK,44,562,11.0,.707,.000,.407,11.5,18.9,15.2,5.4,0.7,3.0,20.1,6.1,,0.8,0.7,1.4,.122,,-2.4,0.7,-1.7,0.0
466,Dmytro Skapintsev,C,25,NYK,2,2,-19.0,.000,.000,.000,0.0,0.0,0.0,0.0,0.0,0.0,0.0,21.7,,0.0,0.0,0.0,-0.477,,-16.1,-9.8,-25.9,0.0
467,Jalen Slawson,SF,24,SAC,10,33,5.8,.600,.400,.000,3.5,21.8,12.4,7.5,1.5,2.8,28.6,9.1,,0.0,0.0,0.0,.037,,-8.1,1.2,-6.9,0.0
468,Javonte Smart,PG,24,PHI,1,1,0.0,,,,0.0,0.0,0.0,0.0,0.0,0.0,,0.0,,0.0,0.0,0.0,.001,,-6.2,-2.1,-8.4,0.0
469,Marcus Smart,PG,29,MEM,20,605,11.8,.552,.565,.236,1.1,9.4,5.1,22.7,3.4,0.8,19.2,23.1,,-0.6,0.7,0.2,.014,,-3.4,1.0,-2.4,-0.1
470,Dennis Smith Jr.,PG,26,BRK,56,1059,13.4,.508,.322,.172,5.2,12.8,8.8,27.1,3.2,1.0,15.8,17.7,,0.4,1.3,1.7,.077,,-2.5,1.8,-0.7,0.3
471,Dru Smith,SG,26,MIA,9,131,12.8,.576,.515,.061,5.4,7.4,6.4,15.0,3.5,2.2,12.9,13.3,,0.1,0.2,0.3,.121,,-1.8,3.2,1.4,0.1
472,Ish Smith,PG,35,CHO,43,741,6.8,.435,.051,.025,1.7,10.4,5.9,26.4,1.1,0.5,22.7,12.4,,-0.6,0.2,-0.4,-0.023,,-5.6,-1.3,-6.9,-0.9
473,Jabari Smith Jr.,PF,20,HOU,71,2252,13.9,.574,.457,.227,6.5,22.4,14.4,6.6,1.1,2.2,9.2,17.8,,2.0,3.2,5.2,.111,,-0.5,0.2,-0.3,1.0
474,Jalen Smith,C,23,IND,57,993,20.8,.682,.365,.277,12.4,26.0,19.2,7.9,0.7,3.0,8.9,19.6,,2.8,0.9,3.7,.180,,3.2,-0.8,2.5,1.1
475,Nick Smith Jr.,SG,19,CHO,48,663,7.4,.504,.502,.051,2.9,8.2,5.5,11.7,0.6,1.0,12.1,19.8,,-0.7,0.1,-0.6,-0.041,,-3.5,-2.7,-6.2,-0.7
476,Terquavion Smith,PG,21,PHI,13,75,19.0,.575,.767,.070,0.0,4.7,2.3,23.7,5.3,0.0,10.1,28.6,,0.1,0.1,0.2,.110,,3.4,1.3,4.7,0.1
477,Jeremy Sochan,PF,20,SAS,74,2193,11.4,.513,.293,.186,7.0,17.7,12.3,15.9,1.4,1.5,14.3,18.9,,-0.7,1.8,1.1,.023,,-2.7,-0.7,-3.4,-0.8
478,Pat Spencer,PG,27,GSW,3,6,21.2,1.000,.000,.000,0.0,0.0,0.0,45.3,0.0,0.0,0.0,7.1,,0.0,0.0,0.0,.292,,5.4,-0.7,4.8,0.0
479,Jaden Springer,SG-PG,21,TOT,45,448,9.8,.468,.324,.265,8.4,9.3,8.8,12.0,3.0,2.8,16.5,17.6,,-0.3,0.6,0.3,.029,,-5.0,0.7,-4.2,-0.3
480,Lamar Stevens,PF,26,TOT,37,522,14.5,.516,.181,.211,7.3,19.6,13.3,7.6,2.1,3.2,8.5,22.5,,-0.1,0.8,0.7,.060,,-2.4,-0.1,-2.5,-0.1
481,Isaiah Stewart,PF,22,DET,46,1423,11.3,.600,.458,.223,6.0,19.1,12.4,7.1,0.6,2.3,13.6,14.6,,0.8,0.8,1.6,.054,,-1.6,-0.7,-2.3,-0.1
482,Julian Strawther,SF,21,DEN,47,542,8.7,.486,.624,.131,1.1,11.9,6.7,11.4,1.6,1.1,8.2,20.7,,-0.3,0.5,0.2,.020,,-4.4,-1.3,-5.7,-0.5
483,Max Strus,SF,27,CLE,66,2112,11.5,.552,.661,.126,3.5,14.0,8.8,16.5,1.5,1.2,12.6,17.6,,0.9,2.4,3.3,.076,,-1.3,0.5,-0.7,0.7
484,Jalen Suggs,SG,22,ORL,70,1879,13.6,.597,.544,.204,2.8,11.0,6.9,15.0,2.7,2.1,15.1,19.8,,0.8,3.1,4.0,.102,,-0.9,1.6,0.7,1.3
485,Cole Swider,SF,24,MIA,15,83,8.5,.569,.778,.056,1.4,8.7,5.0,7.5,0.6,1.2,17.8,24.2,,-0.1,0.1,-0.1,-0.044,,-1.0,-2.3,-3.4,0.0
486,Jae'Sean Tate,SF,28,HOU,65,1031,9.4,.538,.336,.170,6.5,14.8,10.6,8.2,2.0,1.3,13.1,11.7,,0.4,1.4,1.8,.082,,-3.8,1.5,-2.3,-0.1
487,Jayson Tatum,PF,25,BOS,72,2576,22.4,.605,.425,.350,3.0,21.7,12.7,21.0,1.4,1.4,10.3,30.4,,5.8,4.3,10.1,.188,,4.5,0.6,5.1,4.6
488,Terry Taylor,PF,24,CHI,31,188,10.1,.558,.231,.128,10.3,12.7,11.5,7.1,1.3,1.1,14.5,11.3,,0.1,0.1,0.3,.069,,-3.1,-0.1,-3.2,-0.1
489,Garrett Temple,SG,37,TOR,23,212,9.3,.514,.517,.241,4.8,12.9,8.8,9.8,2.3,0.8,12.3,14.9,,0.0,0.1,0.1,.029,,-3.8,-1.1,-5.0,-0.2
490,Dalen Terry,SG,21,CHI,54,578,9.6,.493,.508,.270,4.7,14.6,9.6,16.0,2.0,2.3,15.6,12.7,,0.0,0.6,0.6,.053,,-3.7,1.2,-2.5,-0.1
491,Daniel Theis,C,31,TOT,57,949,14.1,.593,.230,.170,10.5,17.6,14.2,8.5,1.0,4.5,11.3,15.3,,1.3,1.0,2.3,.114,,-1.8,0.0,-1.7,0.1
492,Cam Thomas,SG,22,BRK,62,1938,16.1,.552,.326,.282,1.5,10.7,5.9,15.9,1.1,0.7,8.3,30.6,,1.0,1.2,2.2,.055,,0.5,-1.9,-1.3,0.3
493,Isaiah Thomas,PG,34,PHO,4,14,6.8,.417,.333,.000,0.0,0.0,0.0,19.3,0.0,0.0,0.0,18.6,,0.0,0.0,0.0,-0.006,,-1.8,-4.2,-6.0,0.0
494,Amen Thompson,SF,21,HOU,57,1232,17.5,.563,.138,.338,11.4,21.3,16.3,16.1,2.8,2.5,14.7,18.9,,1.2,2.3,3.4,.134,,-0.6,2.0,1.4,1.1
495,Ausar Thompson,SF,21,DET,63,1583,12.8,.522,.235,.248,9.3,20.2,14.7,10.8,2.1,3.2,13.6,16.6,,0.0,1.7,1.7,.051,,-2.8,0.6,-2.2,-0.1
496,Klay Thompson,SF,33,GSW,73,2166,13.4,.570,.610,.117,1.8,11.0,6.4,11.0,1.1,1.3,9.1,24.1,,1.5,1.3,2.8,.063,,0.7,-1.5,-0.8,0.7
497,Tristan Thompson,C,32,CLE,48,537,14.0,.574,.009,.442,16.1,21.8,19.0,13.0,1.1,2.3,17.7,13.6,,0.6,0.7,1.3,.119,,-2.0,0.8,-1.2,0.1
498,JT Thor,PF,21,CHO,59,699,7.8,.479,.438,.099,6.2,14.8,10.4,4.7,0.6,3.2,7.6,11.6,,-0.1,0.4,0.2,.016,,-4.1,-1.0,-5.2,-0.6
499,Matisse Thybulle,SF,26,POR,65,1487,10.4,.537,.729,.091,2.2,8.8,5.3,8.3,3.8,3.0,10.8,10.6,,0.3,1.9,2.2,.072,,-2.8,3.4,0.5,0.9
500,Xavier Tillman Sr.,C-PF,25,TOT,49,914,11.8,.460,.284,.191,8.3,17.2,12.7,11.4,2.6,4.1,10.3,14.7,,-0.3,1.5,1.2,.062,,-3.3,1.8,-1.5,0.1
501,Jacob Toppin,SF,23,NYK,9,38,14.3,.658,.444,.222,9.4,12.6,11.0,10.9,0.0,2.5,9.2,12.4,,0.1,0.0,0.1,.157,,0.6,-1.2,-0.7,0.0
502,Obi Toppin,PF,25,IND,78,1665,15.9,.674,.434,.176,5.8,16.0,10.8,8.8,1.2,2.0,10.1,16.5,,3.1,1.1,4.3,.123,,1.5,-0.4,1.1,1.3
503,Juan Toscano-Anderson,SF,30,SAC,11,53,2.6,.292,.333,.000,8.6,22.7,15.5,9.0,0.9,1.7,14.3,11.3,,-0.1,0.1,0.0,-0.026,,-8.7,-0.8,-9.5,-0.1
504,Karl-Anthony Towns,PF,28,MIN,60,1969,19.2,.628,.340,.307,5.8,23.8,15.3,14.8,1.1,1.8,13.8,27.7,,2.6,3.7,6.2,.152,,1.8,1.0,2.9,2.4
505,Gary Trent Jr.,SG,25,TOR,67,1873,12.1,.554,.544,.113,1.4,9.5,5.4,8.3,1.8,0.5,5.0,19.9,,0.8,0.8,1.6,.041,,-1.1,-1.4,-2.5,-0.2
506,Oscar Tshiebwe,PF,24,IND,8,42,24.7,.553,.000,.400,22.3,22.5,22.4,6.5,2.3,1.9,0.0,23.6,,0.1,0.0,0.2,.216,,4.5,-2.3,2.2,0.0
507,P.J. Tucker,PF,38,TOT,27,419,5.4,.474,.721,.070,7.2,13.9,10.6,3.9,1.7,1.5,15.3,5.5,,0.1,0.4,0.5,.057,,-4.4,0.5,-3.9,-0.2
508,Myles Turner,C,27,IND,73,1968,18.9,.620,.352,.346,6.4,23.4,14.9,6.3,0.9,5.5,9.5,23.4,,2.9,2.1,5.1,.124,,0.6,-0.1,0.6,1.3
509,Hunter Tyson,PF,23,DEN,15,44,6.5,.526,.684,.000,2.8,21.4,12.3,6.2,0.0,0.0,9.5,21.0,,0.0,0.0,0.0,.010,,-6.3,-2.7,-9.0,-0.1
510,Stanley Umude,SG,24,DET,24,307,11.4,.647,.631,.381,3.0,16.4,9.6,4.9,1.3,2.0,12.5,15.6,,0.3,0.2,0.5,.083,,-1.5,-0.1,-1.7,0.0
511,Jonas Valančiūnas,C,31,NOP,77,1843,20.1,.626,.167,.285,11.2,31.3,21.4,13.1,0.8,3.7,11.8,20.7,,3.8,3.2,7.0,.182,,1.0,0.5,1.6,1.7
512,Jarred Vanderbilt,PF,24,LAL,29,581,11.6,.578,.237,.316,8.7,18.7,14.0,7.7,3.0,0.7,17.7,11.8,,0.2,0.8,1.1,.087,,-2.9,1.3,-1.6,0.0
513,Fred VanVleet,PG,29,HOU,70,2562,16.2,.563,.586,.219,1.2,10.2,5.7,31.1,1.9,2.1,10.5,19.3,,4.5,3.1,7.6,.143,,2.3,0.9,3.2,3.3
514,Devin Vassell,SG,23,SAS,68,2248,15.7,.578,.422,.190,1.3,11.9,6.6,19.1,1.6,0.9,8.6,23.6,,1.8,1.5,3.3,.070,,1.0,-1.0,0.0,1.1
515,Sasha Vezenkov,PF,28,SAC,39,487,13.9,.577,.625,.082,7.0,15.5,11.2,5.3,1.9,1.3,5.9,17.9,,0.5,0.5,1.0,.100,,0.2,-0.8,-0.6,0.2
516,Gabe Vincent,PG,27,LAL,8,170,3.8,.364,.513,.051,2.2,2.6,2.4,12.8,2.0,0.0,9.1,11.2,,-0.2,0.1,-0.1,-0.024,,-6.7,0.9,-5.8,-0.2
517,Nikola Vučević,C,33,CHI,72,2460,17.5,.534,.258,.102,9.3,27.5,18.2,15.6,1.0,2.4,8.8,23.6,,1.9,2.9,4.8,.093,,0.6,-0.6,0.0,1.2
518,Tristan Vukcevic,C,20,WAS,8,108,12.6,.541,.522,.239,3.1,24.6,13.6,10.5,1.8,2.3,9.0,21.9,,0.0,0.1,0.1,.039,,-3.4,0.6,-2.8,0.0
519,Dean Wade,PF,27,CLE,54,1108,10.3,.598,.871,.112,4.1,19.1,11.7,5.0,1.8,2.0,7.6,10.6,,0.9,1.6,2.5,.109,,-1.7,1.8,0.1,0.6
520,Franz Wagner,SF,22,ORL,69,2249,17.2,.574,.307,.291,3.6,16.1,9.8,18.8,1.6,1.1,10.3,25.7,,2.5,3.3,5.8,.124,,0.8,0.2,1.0,1.7
521,Moritz Wagner,C,26,ORL,75,1326,20.6,.679,.212,.379,10.0,19.7,14.8,11.5,1.3,1.4,13.2,22.8,,3.2,2.0,5.2,.188,,1.8,0.3,2.1,1.4
522,Ish Wainright,SF,29,TOT,10,61,9.2,.462,.833,.083,6.0,21.9,13.3,2.0,3.2,1.5,7.4,18.9,,-0.1,0.1,0.0,.030,,-2.8,0.5,-2.3,0.0
523,Jabari Walker,SF,21,POR,68,1587,13.0,.550,.279,.338,9.3,25.3,16.8,6.5,1.3,1.3,10.3,16.2,,1.1,1.6,2.8,.084,,-2.4,-0.9,-3.3,-0.5
524,Jarace Walker,PF,20,IND,31,328,11.3,.514,.495,.086,4.3,16.6,10.4,14.1,2.0,2.7,12.8,16.0,,0.0,0.3,0.3,.050,,-0.8,0.7,0.0,0.2
525,Lonnie Walker IV,SG,25,BRK,55,923,13.5,.555,.557,.126,1.3,13.2,7.0,11.4,1.6,1.6,9.1,24.8,,0.0,0.8,0.8,.041,,-0.2,-1.1,-1.3,0.2
526,Cason Wallace,SG,20,OKC,77,1591,11.8,.614,.525,.089,3.7,9.0,6.4,8.7,2.1,2.0,9.4,13.1,,1.7,1.8,3.5,.104,,-1.1,0.7,-0.3,0.7
527,Jordan Walsh,SF,19,BOS,7,46,7.0,.333,.556,.000,10.1,23.1,16.8,10.4,2.2,1.9,18.2,10.4,,0.0,0.1,0.1,.054,,-7.1,2.5,-4.7,0.0
528,T.J. Warren,SF,30,MIN,10,123,9.4,.479,.317,.098,5.1,15.7,10.7,10.4,1.6,0.7,8.6,16.9,,0.0,0.2,0.2,.061,,-5.0,0.5,-4.5,-0.1
529,P.J. Washington,PF,25,TOT,69,2100,12.3,.541,.506,.181,4.3,16.8,10.4,9.3,1.6,2.4,9.9,19.4,,-0.1,1.9,1.8,.040,,-1.7,-0.4,-2.1,-0.1
530,TyTy Washington Jr.,PG,22,MIL,6,30,1.6,.333,.444,.000,4.0,7.6,5.8,4.0,3.2,0.0,18.2,15.9,,-0.1,0.0,-0.1,-0.115,,-9.0,-0.9,-9.9,-0.1
531,Yuta Watanabe,SF,29,TOT,34,464,4.7,.474,.733,.147,2.9,10.4,6.7,4.2,1.3,1.3,13.3,13.3,,-0.5,0.4,-0.1,-0.010,,-5.3,-1.1,-6.5,-0.5
532,Lindy Waters III,SG,26,OKC,34,235,12.9,.589,.810,.024,3.7,14.4,9.3,11.1,0.8,2.4,6.6,16.9,,0.3,0.2,0.5,.107,,0.6,-0.8,-0.1,0.1
533,Trendon Watford,PF,23,BRK,59,732,16.6,.629,.215,.309,7.1,18.1,12.4,13.9,1.5,2.1,14.5,20.9,,1.0,0.8,1.8,.115,,-0.5,0.4,-0.1,0.4
534,Peyton Watson,SF,21,DEN,76,1395,11.8,.542,.352,.241,4.6,15.5,10.2,7.2,1.5,4.8,10.5,16.5,,0.2,1.9,2.1,.072,,-3.0,0.7,-2.3,-0.1
535,Victor Wembanyama,C,20,SAS,68,1996,23.1,.563,.328,.315,8.7,32.3,20.3,21.2,2.1,10.0,16.0,32.2,,-0.9,4.1,3.2,.077,,1.8,3.2,5.0,3.5
536,Blake Wesley,SG,20,SAS,56,761,10.1,.524,.253,.385,2.3,9.3,5.8,26.6,1.6,1.0,17.8,14.4,,0.2,0.5,0.7,.045,,-4.1,-0.1,-4.2,-0.4
537,Russell Westbrook,PG,35,LAC,65,1455,16.4,.517,.234,.246,7.7,18.5,13.3,28.7,2.4,1.4,16.2,25.5,,0.1,1.8,1.9,.063,,-0.1,0.5,0.5,0.9
538,Coby White,PG,23,CHI,74,2694,14.5,.571,.470,.219,1.8,13.3,7.4,21.0,0.9,0.6,11.1,22.8,,2.7,1.7,4.3,.077,,0.7,-1.3,-0.5,1.0
539,Derrick White,SG,29,BOS,70,2290,17.2,.616,.583,.185,2.5,11.7,7.3,21.4,1.5,3.3,11.0,18.8,,4.9,3.4,8.4,.176,,2.6,1.5,4.1,3.5
540,Cam Whitmore,SF,19,HOU,42,767,16.7,.562,.460,.243,5.9,17.5,11.6,4.3,1.7,1.4,8.4,27.9,,0.1,1.0,1.2,.072,,1.1,-1.0,0.0,0.4
541,Aaron Wiggins,SG,25,OKC,73,1114,14.7,.663,.346,.187,6.3,11.4,8.9,8.7,2.0,1.5,12.8,15.9,,1.7,1.3,2.9,.127,,0.1,0.0,0.2,0.6
542,Andrew Wiggins,SF,28,GSW,67,1808,12.6,.540,.317,.234,6.8,12.7,9.8,8.8,1.1,1.8,9.1,20.8,,1.1,1.3,2.3,.062,,-1.4,-1.2,-2.6,-0.3
543,Lindell Wigginton,PG,25,MIL,3,8,5.7,.510,.400,.400,0.0,0.0,0.0,0.0,0.0,0.0,14.5,37.2,,0.0,0.0,0.0,-0.159,,-14.6,-9.2,-23.9,0.0
544,Alondes Williams,SG,24,MIA,4,11,-3.6,.338,.500,.250,0.0,11.0,5.4,0.0,0.0,0.0,18.4,22.2,,-0.1,0.0,-0.1,-0.235,,-12.2,-4.7,-16.9,0.0
545,Brandon Williams,PG,24,DAL,13,60,11.0,.431,.304,.478,5.7,7.6,6.7,26.1,0.8,1.5,9.7,22.1,,0.0,0.0,0.0,.008,,-1.7,-2.2,-3.9,0.0
546,Grant Williams,PF,25,TOT,73,2033,10.3,.581,.565,.225,4.6,12.7,8.6,10.8,1.0,1.7,14.0,15.8,,0.9,1.4,2.3,.054,,-2.1,-0.7,-2.7,-0.4
547,Jalen Williams,PF,22,OKC,67,2124,19.2,.623,.243,.230,2.1,12.2,7.4,21.4,1.7,1.9,10.2,24.0,,4.3,2.4,6.7,.150,,2.1,0.2,2.2,2.3
548,Jaylin Williams,C,21,OKC,64,823,12.2,.546,.639,.195,4.9,24.9,15.3,14.7,1.5,2.9,12.6,13.5,,0.7,1.3,2.0,.115,,-1.1,1.8,0.7,0.6
549,Jeenathan Williams,SG,24,HOU,20,107,15.4,.551,.098,.244,11.3,9.4,10.4,9.9,1.4,0.0,4.2,18.9,,0.2,0.1,0.3,.127,,-0.9,-0.9,-1.8,0.0
550,Kenrich Williams,PF,29,OKC,64,946,12.5,.578,.516,.055,7.8,16.1,12.1,10.7,1.9,0.9,8.4,13.1,,1.2,1.2,2.4,.123,,-0.7,0.4,-0.3,0.4
551,Malik Williams,C,25,TOR,2,33,-1.4,.000,.286,.000,3.5,14.4,8.8,3.5,1.5,8.0,12.5,10.4,,-0.2,0.0,-0.1,-0.184,,-10.1,-1.8,-11.8,-0.1
552,Mark Williams,C,22,CHO,19,508,22.4,.675,.000,.424,16.7,25.3,20.8,6.8,1.6,3.7,8.7,17.1,,1.5,0.6,2.1,.197,,1.5,-0.8,0.8,0.3
553,Patrick Williams,PF,22,CHI,43,1174,11.0,.553,.412,.184,4.5,12.2,8.2,7.8,1.7,2.9,12.8,16.7,,0.0,1.1,1.1,.047,,-2.2,-0.1,-2.3,-0.1
554,Robert Williams,C,26,POR,6,119,17.1,.684,.000,.346,10.1,28.1,18.6,6.3,2.9,5.3,18.9,13.3,,0.1,0.2,0.4,.144,,-2.2,2.8,0.7,0.1
555,Vince Williams Jr.,SG,23,MEM,52,1436,12.8,.597,.551,.343,4.6,19.4,11.7,18.0,1.6,2.2,17.4,15.9,,1.0,1.7,2.7,.090,,-1.7,1.0,-0.7,0.5
556,Ziaire Williams,SF,22,MEM,51,1038,9.4,.511,.500,.198,3.7,16.9,10.0,11.1,1.7,0.8,13.8,19.9,,-1.0,1.1,0.1,.006,,-4.0,-0.4,-4.5,-0.6
557,Zion Williamson,PF,23,NOP,65,2032,22.8,.618,.014,.463,6.4,14.4,10.5,26.6,1.6,1.9,12.9,29.5,,4.3,2.6,6.9,.163,,3.6,0.5,4.0,3.1
558,D.J. Wilson,PF,27,PHI,2,15,31.4,.833,.333,.000,7.6,7.8,7.7,22.5,0.0,12.2,0.0,17.4,,0.1,0.0,0.1,.348,,15.4,6.9,22.3,0.1
559,Jalen Wilson,PF,23,BRK,39,548,11.2,.560,.410,.278,8.0,13.6,10.7,9.7,0.7,0.2,9.0,14.1,,0.7,0.3,1.0,.086,,-1.4,-1.3,-2.8,-0.1
560,Dylan Windler,SF,27,TOT,16,82,13.9,.674,.870,.000,1.3,17.2,9.2,14.5,1.2,0.0,4.2,12.5,,0.2,0.0,0.2,.142,,0.9,-0.1,0.9,0.1
561,James Wiseman,C,22,DET,59,977,14.8,.655,.007,.321,11.5,23.9,17.6,7.1,0.5,3.2,17.1,16.3,,1.1,0.8,1.8,.089,,-2.7,-0.9,-3.6,-0.4
562,Isaiah Wong,SG,23,IND,1,4,-0.9,.333,.333,.000,0.0,0.0,0.0,0.0,0.0,0.0,0.0,31.6,,0.0,0.0,0.0,-0.278,,-11.4,-7.6,-18.9,0.0
563,Christian Wood,PF,28,LAL,50,872,12.4,.568,.432,.356,5.5,27.6,17.1,7.4,0.9,3.3,14.1,17.7,,0.0,1.1,1.1,.061,,-2.7,-0.2,-2.8,-0.2
564,Delon Wright,PG,31,TOT,44,674,13.0,.482,.335,.249,2.8,10.8,6.7,20.6,3.4,1.3,5.9,13.0,,0.5,0.7,1.3,.091,,-2.5,2.3,-0.2,0.3
565,Thaddeus Young,PF,35,TOT,30,410,16.4,.605,.058,.136,12.0,16.0,13.9,18.6,2.5,1.1,10.6,12.8,,0.8,0.4,1.2,.141,,0.0,0.9,0.9,0.3
566,Trae Young,PG,25,ATL,51,1862,20.3,.581,.464,.403,1.3,7.5,4.3,44.5,1.8,0.5,16.0,31.0,,3.7,0.6,4.3,.110,,4.9,-2.3,2.6,2.2
567,Omer Yurtseven,C,25,UTA,43,427,14.5,.572,.145,.159,15.7,26.4,21.1,7.4,0.7,3.8,17.3,17.6,,0.2,0.3,0.5,.056,,-2.0,-1.2,-3.2,-0.1
568,Cody Zeller,C,31,NOP,40,304,13.1,.482,.050,.633,17.8,22.9,20.4,14.7,1.5,1.6,16.4,13.2,,0.3,0.5,0.8,.126,,-2.8,0.3,-2.5,0.0
569,Ivica Zubac,C,26,LAC,65,1729,19.1,.669,.000,.337,13.7,27.6,20.9,7.5,0.6,4.2,11.5,16.3,,4.2,2.2,6.4,.178,,0.7,0.0,0.7,1.2
