PLAYER	,TEAM	,GP,W,L,MIN	,PTS	,TOUCHES	,FRONT CT TOUCHES	,TIME OF POSS	,AVG SEC PER TOUCH	,AVG DRIB PER TOUCH	,PTS PER TOUCH	,ELBOW TOUCHES,POST UPS,PAINT TOUCHES,PTS PER ELBOW TOUCH	,PTS PER POST TOUCH	,PTS PER PAINT TOUCH
AJ Green,MIL,56,35,21,11.0,4.5,12.4,7.7,0.4,1.92,1.15,0.364,0.1,0.0,0.2,0.400,0.000,0.615
AJ Griffin,ATL,20,8,12,8.5,2.4,8.5,5.4,0.3,1.99,1.50,0.284,0.1,0.0,0.2,0.000,0.000,0.500
Aaron Gordon,DEN,71,47,24,31.6,13.9,42.3,23.3,2.2,3.16,2.41,0.329,2.0,1.5,6.8,0.352,0.627,1.008
Aaron Holiday,HOU,78,39,39,16.3,6.6,25.9,10.3,1.8,4.14,4.00,0.254,0.1,0.0,0.1,0.400,0.000,0.727
Aaron Nesmith,IND,72,41,31,27.7,12.2,39.3,22.6,1.1,1.61,0.93,0.310,0.3,0.0,1.0,0.889,0.000,0.813
Aaron Wiggins,OKC,78,55,23,15.7,6.9,19.8,10.9,0.7,2.26,1.68,0.351,0.3,0.0,2.0,0.769,2.000,0.918
Adam Flagler,OKC,2,2,0,7.0,1.5,9.5,5.5,0.6,4.08,4.00,0.158,0.0,0.0,0.0,0.000,0.000,0.000
Adama Sanogo,CHI,9,3,6,7.3,4.0,9.8,5.8,0.2,1.44,0.50,0.409,0.8,0.3,3.7,0.857,1.000,0.939
Admiral Schofield,ORL,23,15,8,3.7,1.1,7.0,3.7,0.2,1.93,0.86,0.163,0.2,0.0,0.3,0.500,0.000,0.333
Al Horford,BOS,64,50,14,26.7,8.6,33.2,18.6,0.8,1.44,0.44,0.260,1.0,0.7,2.7,0.286,0.773,0.799
Alec Burks,NYK,66,18,48,18.4,10.4,30.0,18.2,1.4,2.80,2.21,0.348,0.2,0.0,0.3,0.692,0.667,1.136
Aleksej Pokusevski,CHA,27,13,14,14.7,5.1,22.8,13.1,0.8,2.20,1.18,0.226,0.8,0.1,0.9,0.455,1.000,1.208
Alex Caruso,CHI,70,34,36,28.6,10.1,52.7,23.3,2.3,2.60,1.89,0.191,0.5,0.0,1.1,0.361,0.500,0.658
Alex Fudge,DAL,6,1,5,6.7,2.5,6.7,4.3,0.2,1.77,1.15,0.375,0.0,0.0,0.5,0.000,0.000,1.333
Alex Len,SAC,48,24,24,9.3,2.5,14.4,9.3,0.3,1.36,0.38,0.173,1.6,0.1,2.6,0.355,0.000,0.752
Alondes Williams,MIA,7,5,2,2.2,0.7,5.4,2.1,0.5,5.19,4.45,0.132,0.0,0.0,0.0,0.000,0.000,0.000
Alperen Sengun,HOU,63,29,34,32.5,21.1,61.4,45.2,2.4,2.32,1.13,0.344,6.7,3.8,6.3,0.702,0.571,0.844
Amari Bailey,CHA,10,1,9,6.5,2.3,7.6,4.4,0.4,3.17,2.92,0.303,0.0,0.0,0.4,0.000,0.000,1.000
Amen Thompson,HOU,62,30,32,22.4,9.5,40.3,16.7,2.3,3.41,2.66,0.237,1.0,0.1,4.5,0.619,0.500,0.841
Amir Coffey,LAC,69,45,24,20.9,6.7,20.3,12.0,0.8,2.25,1.36,0.330,0.2,0.0,0.3,0.786,0.000,0.850
Andre Drummond,CHI,78,37,41,17.2,8.5,21.0,12.8,0.5,1.45,0.48,0.403,2.0,1.6,7.1,0.510,0.787,0.942
Andre Jackson Jr.,MIL,57,33,24,10.0,2.2,11.6,5.2,0.4,2.02,1.42,0.188,0.3,0.0,1.2,0.375,0.000,0.507
Andrew Funk,CHI,5,3,2,2.7,0.0,2.8,1.6,0.1,1.15,0.50,0.000,0.0,0.0,0.0,0.000,0.000,0.000
Andrew Nembhard,IND,68,41,27,25.0,9.2,46.5,22.6,2.8,3.61,3.34,0.198,0.4,0.1,0.6,0.444,0.400,0.805
Andrew Wiggins,GSW,70,38,32,27.1,13.3,36.9,22.5,1.7,2.82,2.01,0.359,0.8,1.7,2.8,0.745,0.448,0.842
Anfernee Simons,POR,45,10,35,34.2,22.6,73.3,31.0,6.3,5.14,4.82,0.308,0.3,0.0,0.3,0.267,0.000,0.714
Anthony Black,ORL,69,39,30,16.9,4.6,26.4,12.4,1.5,3.39,2.64,0.174,0.3,0.0,1.1,0.889,0.000,0.920
Anthony Davis,LAL,75,44,31,35.6,24.8,73.4,41.4,2.8,2.26,1.01,0.338,4.9,4.3,8.9,0.686,0.661,1.216
Anthony Edwards,MIN,79,54,25,35.1,25.9,70.1,37.8,5.0,4.27,3.87,0.370,0.6,1.0,1.1,0.771,0.436,0.782
Anthony Gill,WAS,50,9,41,9.3,3.8,11.9,7.4,0.4,1.83,0.89,0.318,0.6,0.1,1.5,0.897,0.333,0.947
Armoni Brooks,BKN,10,3,7,10.4,4.2,15.3,10.9,0.5,1.96,1.24,0.275,0.0,0.0,0.6,0.000,0.000,0.333
Ashton Hagans,POR,19,3,16,16.6,4.2,38.1,17.6,2.5,3.96,3.33,0.111,0.1,0.0,0.6,0.000,0.000,0.500
Ausar Thompson,DET,62,10,52,25.3,8.9,30.9,17.1,1.2,2.30,1.72,0.288,0.8,0.0,3.5,0.615,0.000,0.839
Austin Reaves,LAL,81,46,35,32.2,15.8,61.4,25.4,4.3,4.23,3.89,0.258,0.6,0.0,0.9,0.580,0.000,0.797
Ayo Dosunmu,CHI,75,37,38,29.0,12.1,46.6,23.7,2.4,3.13,2.78,0.261,0.3,0.0,0.6,0.632,0.000,0.511
Bam Adebayo,MIA,71,40,31,34.0,19.3,63.0,36.8,3.1,2.96,1.71,0.306,5.4,4.0,6.7,0.595,0.616,0.874
Ben Sheppard,IND,57,32,25,14.3,4.4,20.8,12.4,0.5,1.56,0.90,0.212,0.4,0.0,0.5,0.818,0.000,0.885
Ben Simmons,BKN,15,7,8,23.9,6.1,58.7,18.0,3.5,3.55,2.73,0.104,1.4,0.7,3.5,0.524,0.400,0.925
Bennedict Mathurin,IND,59,33,26,26.1,14.5,41.9,27.1,1.7,2.40,1.60,0.346,1.1,0.1,1.8,0.714,0.857,0.917
Bilal Coulibaly,WAS,63,11,52,27.2,8.4,32.9,19.1,1.2,2.11,1.33,0.257,0.5,0.0,1.8,0.806,0.000,0.856
Bismack Biyombo,OKC,40,20,20,19.8,4.4,27.1,14.5,0.7,1.60,0.39,0.160,1.7,0.1,4.4,0.377,1.200,0.783
Blake Wesley,SAS,60,18,42,14.3,4.4,27.8,10.9,2.0,4.29,3.99,0.158,0.4,0.0,0.8,0.636,0.000,0.813
Boban Marjanovic,HOU,14,9,5,5.1,3.2,8.3,4.6,0.3,1.90,0.62,0.388,0.6,1.1,1.6,1.125,0.813,1.348
Bobby Portis,MIL,82,49,33,24.5,13.8,41.8,21.6,1.3,1.80,0.84,0.330,0.9,2.6,3.5,0.681,0.705,1.000
Bogdan Bogdanovic,ATL,79,35,44,30.4,16.9,47.6,29.1,1.8,2.32,1.66,0.355,0.6,0.1,0.9,0.711,0.500,0.778
Bojan Bogdanovic,NYK,57,20,37,25.9,15.2,33.5,25.7,1.5,2.64,1.85,0.454,0.5,0.5,0.5,0.679,0.429,1.071
Bol Bol,PHX,42,28,14,10.9,5.0,12.6,7.1,0.3,1.65,0.72,0.397,0.5,0.1,1.0,1.050,0.500,1.068
Bones Hyland,LAC,36,19,17,14.6,6.8,31.7,12.9,2.6,4.83,4.31,0.215,0.3,0.1,0.3,0.222,0.667,0.545
Bradley Beal,PHX,52,33,19,33.3,18.1,66.3,29.4,4.7,4.22,3.79,0.272,0.6,0.1,1.2,0.806,0.800,0.672
Brandin Podziemski,GSW,73,41,32,26.5,9.2,46.2,23.2,2.4,3.10,2.50,0.200,0.7,0.1,2.2,0.620,0.000,0.491
Brandon Boston Jr.,LAC,32,17,15,10.8,5.2,16.5,9.7,0.8,2.83,2.63,0.317,0.2,0.0,0.7,1.143,0.000,0.913
Brandon Clarke,MEM,6,2,4,22.4,11.3,32.2,23.3,0.9,1.65,1.05,0.352,4.2,0.2,5.2,0.880,0.000,0.968
Brandon Ingram,NOP,63,38,25,32.9,21.0,64.6,37.5,4.3,4.01,3.17,0.325,2.0,1.0,1.0,0.691,0.516,0.677
Brandon Miller,CHA,73,17,56,32.1,17.2,54.4,32.1,2.8,3.13,2.28,0.316,0.5,0.1,1.3,0.714,0.000,0.851
Brandon Williams,DAL,17,10,7,6.6,3.2,13.6,5.4,1.1,4.81,4.76,0.234,0.1,0.0,0.2,1.000,0.000,1.333
Braxton Key,DEN,20,14,6,3.0,1.1,5.9,2.7,0.2,2.15,1.37,0.186,0.1,0.1,0.2,0.000,0.000,1.000
Brice Sensabaugh,UTA,31,8,23,17.8,7.3,23.9,13.9,1.2,3.06,2.35,0.304,0.3,0.0,0.4,0.444,0.000,0.250
Brook Lopez,MIL,79,48,31,30.5,12.5,31.3,21.6,0.8,1.50,0.45,0.401,1.7,0.8,3.7,0.761,0.833,0.993
Bruce Brown,TOR,67,26,41,27.8,10.8,43.2,22.1,2.1,2.89,2.35,0.251,1.0,0.1,1.9,0.641,0.333,1.048
Bruno Fernando,ATL,45,20,25,15.2,6.3,19.8,14.5,0.5,1.45,0.51,0.317,2.5,0.5,4.4,0.570,0.870,0.945
Bryce McGowens,CHA,59,11,48,14.9,5.1,16.7,11.2,0.7,2.37,1.41,0.306,0.2,0.0,0.5,0.667,0.000,0.935
Buddy Boeheim,DET,10,0,10,8.4,3.4,8.0,6.0,0.2,1.58,0.64,0.425,0.1,0.0,0.1,0.000,0.000,0.000
Buddy Hield,PHI,83,45,38,25.8,12.0,49.7,28.5,1.5,1.84,1.23,0.241,0.5,0.0,0.9,0.725,0.000,0.707
CJ McCollum,NOP,65,42,23,32.8,20.2,67.0,30.0,4.4,3.95,3.56,0.301,0.6,0.0,0.6,0.194,0.000,0.514
Cade Cunningham,DET,61,9,52,33.5,22.5,80.1,29.9,7.0,5.27,4.94,0.281,0.5,0.7,0.7,0.375,0.578,0.525
Caleb Houstan,ORL,59,31,28,13.8,4.3,11.7,8.3,0.2,1.16,0.29,0.366,0.1,0.0,0.4,0.000,0.000,0.545
Caleb Martin,MIA,64,36,28,27.4,10.0,39.0,19.6,2.1,3.26,2.49,0.256,0.6,0.0,1.4,0.500,0.000,0.659
Cam Reddish,LAL,47,26,21,20.4,5.3,16.9,10.0,0.6,1.98,1.29,0.316,0.3,0.0,0.8,0.667,0.000,0.718
Cam Thomas,BKN,63,23,40,31.5,22.4,54.5,30.9,3.7,4.03,3.56,0.410,0.6,0.0,0.5,0.667,0.000,0.867
Cam Whitmore,HOU,47,19,28,18.7,12.3,24.6,13.2,1.2,2.81,2.34,0.500,0.6,0.0,1.8,0.962,0.000,0.892
Cameron Johnson,BKN,57,21,36,27.6,13.3,38.5,25.5,1.6,2.48,1.98,0.346,0.4,0.0,1.1,0.636,0.000,0.603
Cameron Payne,PHI,77,45,32,16.6,7.4,36.2,14.1,2.7,4.49,3.90,0.204,0.1,0.0,0.2,0.400,0.000,0.500
Caris LeVert,CLE,68,38,30,28.8,14.0,53.2,30.8,3.5,3.91,3.52,0.263,0.5,0.0,1.0,0.595,0.000,0.779
Cason Wallace,OKC,82,57,25,20.6,6.8,20.7,11.9,0.9,2.58,2.15,0.330,0.4,0.0,1.5,0.394,0.000,0.672
Cedi Osman,SAS,72,17,55,17.6,6.8,22.8,13.2,0.8,2.08,1.40,0.298,0.4,0.0,0.6,0.710,0.000,0.738
Charles Bassey,SAS,19,3,16,10.8,3.3,19.4,8.7,0.5,1.43,0.38,0.171,1.3,0.0,2.5,0.680,0.000,1.000
Charlie Brown Jr.,NYK,8,2,6,4.7,0.8,4.4,3.4,0.1,1.62,0.26,0.171,0.1,0.1,0.3,0.000,0.000,0.000
Chet Holmgren,OKC,82,57,25,29.4,16.5,55.4,29.2,1.9,2.03,1.04,0.299,2.0,0.5,4.4,0.635,0.395,1.050
Chimezie Metu,DET,51,24,27,16.8,6.5,21.9,12.0,0.7,1.81,0.88,0.297,0.5,0.2,1.6,0.696,1.091,0.976
Chris Boucher,TOR,49,16,33,13.7,6.2,16.0,9.1,0.4,1.67,0.57,0.391,0.4,0.1,2.7,0.818,0.600,1.053
Chris Duarte,SAC,59,35,24,12.2,3.9,16.3,10.6,0.5,1.99,1.26,0.240,0.2,0.0,0.6,0.556,0.000,0.529
Chris Livingston,MIL,21,13,8,4.3,1.2,5.6,2.4,0.2,2.14,1.34,0.222,0.1,0.0,0.3,1.000,0.000,0.857
Chris Paul,GSW,57,33,24,26.3,9.2,58.8,25.3,4.6,4.71,4.05,0.156,0.8,0.6,0.4,0.191,0.242,0.273
Christian Braun,DEN,80,55,25,20.3,7.3,28.9,15.4,1.3,2.65,1.84,0.253,0.8,0.0,1.8,0.667,0.000,0.589
Christian Wood,LAL,49,27,22,17.6,7.0,24.3,12.2,0.7,1.81,0.83,0.288,0.9,0.4,1.7,0.717,0.263,1.083
Chuma Okeke,ORL,47,24,23,9.2,2.3,12.1,6.6,0.5,2.44,1.52,0.189,0.1,0.0,0.5,0.571,0.000,0.727
Clint Capela,ATL,73,33,40,25.8,11.5,30.9,21.9,0.7,1.36,0.37,0.371,2.6,0.6,10.2,0.642,0.681,0.922
Coby White,CHI,78,37,41,36.4,19.1,73.3,30.8,4.8,3.90,3.48,0.261,0.1,0.0,0.2,0.571,0.000,0.444
Cody Martin,CHA,28,7,21,26.9,7.5,43.1,21.4,2.9,4.08,3.37,0.175,0.6,0.1,1.3,1.000,1.000,0.743
Cody Zeller,NOP,42,26,16,7.3,1.8,12.9,7.8,0.3,1.53,0.54,0.136,1.0,0.0,2.0,0.317,0.000,0.470
Colby Jones,SAC,30,15,15,6.4,2.1,11.4,6.2,0.6,3.16,2.66,0.187,0.2,0.0,0.6,0.333,0.000,0.471
Cole Anthony,ORL,81,47,34,22.4,11.6,45.9,19.0,3.4,4.50,3.92,0.252,0.4,0.0,0.9,0.742,0.000,0.685
Cole Swider,MIA,18,8,10,4.8,2.3,7.4,5.2,0.2,1.64,0.89,0.316,0.1,0.0,0.1,1.000,0.000,1.000
Colin Castleton,LAL,16,9,7,3.7,1.5,5.3,2.7,0.2,2.05,0.97,0.282,0.5,0.0,0.8,0.750,0.000,0.833
Collin Gillespie,DEN,24,15,9,9.4,3.6,20.3,9.2,1.3,3.97,3.57,0.179,0.3,0.0,0.2,0.333,0.000,0.400
Collin Sexton,UTA,77,29,48,26.5,18.7,52.1,26.5,3.9,4.44,4.14,0.360,0.7,0.0,1.5,0.824,0.000,0.933
Corey Kispert,WAS,80,15,65,25.8,13.4,35.5,22.7,1.1,1.85,1.17,0.377,0.5,0.0,0.9,0.833,0.000,1.000
Cory Joseph,GSW,26,10,16,11.4,2.4,22.6,9.5,1.5,3.86,3.81,0.107,0.2,0.0,0.3,0.000,0.000,1.000
Craig Porter Jr.,CLE,51,30,21,12.7,5.6,29.8,11.5,2.5,5.13,4.76,0.188,0.2,0.0,0.5,0.909,0.000,0.250
D'Angelo Russell,LAL,75,45,30,32.8,18.1,67.1,28.5,4.4,3.97,3.42,0.269,0.6,0.2,0.9,0.813,0.385,1.172
D'Moi Hodge,LAL,7,1,6,5.9,2.0,6.6,3.9,0.3,2.41,1.87,0.304,0.3,0.0,0.1,0.000,0.000,0.000
D.J. Carton,TOR,4,2,2,8.9,2.8,17.0,7.5,1.1,3.96,3.66,0.162,0.3,0.0,1.0,0.000,0.000,1.000
D.J. Wilson,PHI,2,1,1,7.7,5.0,10.0,6.0,0.3,1.75,0.55,0.500,0.0,0.0,2.0,0.000,0.000,1.000
DaQuan Jeffries,NYK,17,11,6,2.7,0.8,2.6,2.0,0.1,1.51,0.82,0.311,0.0,0.0,0.0,0.000,0.000,0.000
Daishen Nix,MIN,15,11,4,3.3,1.8,6.7,3.3,0.5,4.23,3.53,0.267,0.1,0.0,0.0,2.000,0.000,0.000
Dalano Banton,POR,53,23,30,19.0,10.0,40.2,18.0,2.7,4.04,3.35,0.250,0.3,0.0,1.2,0.556,0.000,1.154
Dalen Terry,CHI,58,27,31,11.7,3.1,18.3,8.4,0.8,2.65,2.38,0.169,0.2,0.0,0.6,0.600,0.000,0.412
Damian Jones,CLE,39,24,15,6.9,2.7,9.2,5.3,0.2,1.54,0.38,0.300,0.7,0.2,1.6,0.308,0.375,1.047
Damian Lillard,MIL,73,48,25,35.3,24.3,78.9,28.0,7.4,5.61,5.13,0.308,0.3,0.0,0.5,0.105,0.333,0.882
Daniel Gafford,DAL,73,29,44,24.5,10.9,37.3,20.0,0.9,1.39,0.28,0.292,2.3,0.4,7.0,0.876,0.968,1.128
Daniel Theis,LAC,59,37,22,16.8,6.3,22.3,11.7,0.5,1.47,0.36,0.282,1.7,0.1,3.5,0.592,0.500,0.859
Danilo Gallinari,MIL,49,15,34,12.8,5.7,21.6,13.0,0.8,2.17,0.77,0.264,0.7,0.8,1.3,0.576,0.538,0.968
Danny Green,PHI,2,1,1,9.2,0.0,8.0,2.5,0.2,1.71,0.19,0.000,0.0,0.0,0.5,0.000,0.000,0.000
Dante Exum,DAL,54,35,19,19.8,7.9,34.5,12.7,2.3,4.01,3.58,0.229,0.3,0.1,0.9,0.611,0.667,0.760
Danuel House Jr.,PHI,34,21,13,15.0,4.2,18.5,8.7,0.7,2.27,1.25,0.229,0.3,0.0,0.7,0.400,0.000,0.667
Dario Saric,GSW,63,35,28,17.4,8.1,35.7,21.9,1.1,1.80,0.91,0.228,1.5,1.6,2.8,0.385,0.394,0.608
Dariq Whitehead,BKN,2,1,1,12.0,1.5,15.0,6.5,0.5,2.06,1.80,0.100,0.5,0.0,0.0,2.000,0.000,0.000
Darius Bazley,UTA,9,2,7,16.9,5.3,23.8,11.2,0.8,1.92,1.02,0.224,0.7,0.1,1.7,1.333,0.000,1.133
Darius Garland,CLE,57,31,26,33.3,18.0,75.3,30.7,6.6,5.26,5.12,0.240,0.2,0.0,0.4,0.583,0.000,0.560
David Duke Jr.,SAS,4,3,1,12.8,6.5,19.3,10.5,0.8,2.48,1.86,0.338,0.3,0.0,1.3,0.000,0.000,1.600
David Roddy,PHX,64,25,39,18.3,6.6,26.4,14.8,1.1,2.42,1.65,0.250,0.6,0.1,1.1,0.757,0.750,0.706
Davion Mitchell,SAC,72,41,31,15.3,5.3,28.4,12.2,1.9,4.06,3.92,0.185,0.2,0.0,0.3,1.364,0.000,0.950
Davis Bertans,CHA,42,19,23,15.4,6.6,16.3,11.2,0.4,1.37,0.53,0.407,0.2,0.0,0.5,0.500,0.000,0.727
Day'Ron Sharpe,BKN,59,25,34,15.1,6.8,26.2,15.3,0.7,1.62,0.51,0.259,2.2,0.6,5.8,0.488,0.571,0.903
De'Aaron Fox,SAC,74,42,32,35.9,26.6,81.4,29.5,6.3,4.68,4.36,0.326,0.4,0.2,1.0,0.452,0.941,0.767
De'Andre Hunter,ATL,57,26,31,29.5,15.6,43.5,25.2,1.4,1.92,1.09,0.359,0.7,0.6,1.1,0.786,0.686,1.231
De'Anthony Melton,PHI,38,25,13,26.9,11.1,48.9,21.0,2.4,2.96,2.31,0.226,0.6,0.0,1.1,0.333,0.000,0.535
DeAndre Jordan,DEN,35,23,12,11.1,4.0,13.5,8.8,0.3,1.33,0.23,0.295,1.3,0.2,3.5,0.196,0.833,0.959
DeJon Jarreau,MEM,9,2,7,16.6,4.8,37.9,16.3,2.8,4.43,3.66,0.126,0.4,0.0,1.1,1.000,0.000,1.000
DeMar DeRozan,CHI,78,37,41,37.8,24.0,64.4,34.1,5.1,4.73,4.16,0.373,1.1,2.1,0.7,0.529,0.586,0.862
Dean Wade,CLE,54,36,18,20.5,5.4,26.2,14.0,0.6,1.41,0.43,0.205,0.2,0.0,0.7,0.692,0.000,0.625
Deandre Ayton,POR,54,13,41,32.3,16.5,54.5,30.1,1.6,1.76,0.67,0.303,5.9,2.5,9.2,0.649,0.603,0.988
Dejounte Murray,ATL,78,34,44,35.7,22.5,81.3,32.1,6.4,4.76,4.39,0.276,0.4,0.0,1.0,0.636,0.667,0.580
Delon Wright,MIA,47,16,31,15.8,4.5,28.4,11.6,2.2,4.56,4.17,0.157,0.1,0.0,0.4,0.333,0.000,0.900
Deni Avdija,WAS,75,14,61,30.1,14.7,55.5,24.5,2.7,2.92,2.23,0.265,1.3,0.4,1.8,0.875,0.333,0.884
Dennis Schroder,BKN,79,30,49,31.0,14.1,75.1,30.2,5.9,4.75,4.31,0.187,0.3,0.1,0.4,0.273,0.000,0.353
Dennis Smith Jr.,BKN,54,19,35,19.0,6.6,38.4,14.9,2.6,4.04,3.75,0.171,0.3,0.0,1.1,0.588,0.000,0.726
Dereck Lively II,DAL,55,35,20,23.5,8.8,34.7,17.0,0.8,1.34,0.20,0.253,2.5,0.2,7.9,0.467,0.800,0.965
Dereon Seabron,NOP,6,3,3,9.2,2.3,14.5,5.8,0.8,3.29,2.96,0.161,0.2,0.0,0.2,0.000,0.000,2.000
Derrick Jones Jr.,DAL,75,46,29,23.5,8.6,26.1,14.1,0.7,1.68,0.93,0.329,0.5,0.0,1.9,0.564,0.000,0.893
Derrick Rose,MEM,24,6,18,16.6,8.0,34.3,12.3,2.9,5.14,5.00,0.232,0.3,0.0,0.5,0.000,0.000,0.333
Derrick White,BOS,72,57,15,32.6,15.2,62.0,22.1,4.3,4.17,3.92,0.246,0.5,0.0,1.2,0.737,0.667,0.718
Desmond Bane,MEM,42,14,28,34.4,23.7,77.2,37.9,5.1,3.93,3.08,0.307,0.6,0.0,0.9,0.407,0.000,0.763
Devin Booker,PHX,68,43,25,36.0,27.1,73.4,34.9,6.2,5.04,4.40,0.369,0.9,0.6,1.0,0.750,0.683,0.662
Devin Vassell,SAS,68,17,51,33.1,19.5,56.6,38.6,2.8,3.01,2.17,0.344,0.6,0.0,0.6,0.750,0.000,1.103
Devonte' Graham,SAS,22,7,15,13.7,4.8,27.1,13.3,1.7,3.83,3.16,0.178,0.1,0.0,0.1,0.000,0.000,0.000
Dexter Dennis,DAL,4,1,3,7.5,5.5,15.0,6.5,0.8,3.01,2.63,0.367,0.0,0.0,0.5,0.000,0.000,1.000
Dillon Brooks,HOU,72,36,36,30.9,12.7,33.5,21.0,1.3,2.33,1.56,0.380,0.7,0.8,1.3,0.796,0.621,1.052
Dmytro Skapintsev,NYK,2,0,2,1.1,0.0,2.0,1.5,0.0,1.08,0.00,0.000,0.0,0.5,0.5,0.000,0.000,0.000
Domantas Sabonis,SAC,82,46,36,35.7,19.4,91.5,54.3,3.7,2.45,1.54,0.212,8.2,3.4,9.8,0.571,0.440,0.824
Dominick Barlow,SAS,32,6,26,12.2,3.9,17.3,10.1,0.5,1.67,0.83,0.226,0.9,0.1,2.3,0.533,2.000,0.819
Donovan Mitchell,CLE,55,36,19,35.3,26.6,79.1,33.1,6.3,4.77,4.41,0.336,0.5,0.0,1.0,1.034,0.000,0.925
Donte DiVincenzo,NYK,81,50,31,29.1,15.5,48.2,30.3,1.9,2.34,1.60,0.323,0.4,0.0,0.9,0.806,0.000,0.724
Dorian Finney-Smith,BKN,66,28,38,28.3,8.5,37.7,21.8,1.0,1.61,0.70,0.224,0.6,0.1,1.8,0.324,1.500,0.504
Doug McDermott,IND,64,22,42,14.1,5.5,17.5,12.8,0.4,1.37,0.55,0.313,0.1,0.0,0.3,0.889,0.000,1.000
Draymond Green,GSW,54,33,21,27.1,8.7,60.5,32.3,2.0,1.98,0.93,0.143,1.8,1.1,2.8,0.500,0.121,0.673
Drew Eubanks,PHX,74,42,32,15.6,5.1,21.1,12.1,0.6,1.67,0.54,0.243,1.7,0.1,3.5,0.857,0.222,0.848
Drew Peterson,BOS,3,3,0,7.6,3.7,8.3,4.3,0.2,1.47,0.76,0.440,0.3,0.0,0.3,2.000,0.000,2.000
Dru Smith,MIA,9,7,2,14.5,4.3,26.3,9.6,1.7,3.90,3.66,0.165,0.0,0.0,0.7,0.000,0.000,1.333
Duncan Robinson,MIA,68,38,30,28.0,12.9,38.2,28.2,1.3,2.10,1.27,0.337,0.4,0.0,1.0,0.880,0.000,0.877
Duop Reath,POR,67,16,51,17.9,9.1,28.9,18.5,0.8,1.61,0.57,0.316,1.1,0.3,2.7,0.597,0.727,0.902
Dwight Powell,DAL,62,37,25,13.3,3.3,18.3,10.7,0.5,1.61,0.52,0.181,1.5,0.0,3.2,0.389,0.667,0.761
Dylan Windler,ATL,17,9,8,6.4,2.5,8.1,5.3,0.2,1.63,0.70,0.314,0.2,0.0,0.3,0.667,0.000,0.800
Dyson Daniels,NOP,60,34,26,22.4,5.8,39.9,17.2,1.9,2.93,2.39,0.146,0.7,0.1,1.8,0.381,0.500,0.570
E.J. Liddell,NOP,8,3,5,2.9,0.5,4.5,2.4,0.1,1.98,1.36,0.111,0.0,0.0,0.0,0.000,0.000,0.000
Emoni Bates,CLE,15,8,7,8.9,2.7,10.7,6.8,0.5,2.73,2.21,0.256,0.1,0.0,0.2,0.000,0.000,0.000
Eric Gordon,PHX,67,41,26,27.8,11.2,35.6,18.7,1.6,2.74,2.10,0.314,0.2,0.0,0.5,0.875,0.000,1.032
Eugene Omoruyi,WAS,43,5,38,9.1,4.8,14.5,8.2,0.5,1.90,0.96,0.331,0.5,0.1,1.8,0.905,0.500,0.987
Evan Fournier,DET,31,8,23,18.4,7.1,27.5,17.5,1.2,2.57,1.90,0.258,0.2,0.0,0.3,0.286,0.000,0.600
Evan Mobley,CLE,50,29,21,30.6,15.7,59.4,32.0,1.9,1.92,0.81,0.264,4.0,1.0,8.1,0.525,0.500,1.020
Filip Petrusev,SAC,3,2,1,3.1,1.0,3.7,3.3,0.1,1.61,0.45,0.273,0.7,0.0,0.3,1.000,0.000,1.000
Frank Ntilikina,CHA,5,0,5,8.6,1.0,10.2,6.6,0.5,2.97,2.61,0.098,0.2,0.0,0.4,0.000,0.000,1.000
Franz Wagner,ORL,72,44,28,32.5,19.7,57.3,32.2,3.7,3.83,3.16,0.344,0.9,0.7,2.1,0.716,0.542,1.039
Fred VanVleet,HOU,73,38,35,36.8,17.4,80.1,31.1,6.5,4.88,4.49,0.217,0.3,0.0,0.2,0.381,0.000,0.222
Furkan Korkmaz,PHI,35,22,13,8.6,2.5,12.8,5.8,0.7,3.47,3.18,0.196,0.1,0.0,0.1,0.000,0.000,0.667
GG Jackson,MEM,48,14,34,25.7,14.6,39.7,22.8,1.9,2.80,2.09,0.367,0.6,0.1,2.0,1.000,0.667,1.095
Gabe Vincent,LAL,11,7,4,19.8,3.1,22.9,11.4,1.1,2.90,2.27,0.135,0.4,0.0,0.4,0.000,0.000,0.000
Garrett Temple,TOR,27,5,22,10.7,3.3,17.1,8.4,0.8,2.69,2.08,0.190,0.3,0.0,1.1,0.714,0.000,0.567
Garrison Mathews,ATL,66,29,37,15.0,4.9,14.0,9.2,0.3,1.32,0.48,0.352,0.1,0.0,0.2,0.444,0.000,0.545
Gary Harris,ORL,54,35,19,24.0,6.9,20.3,15.0,0.6,1.79,1.20,0.339,0.2,0.0,0.6,0.308,0.000,0.867
Gary Payton II,GSW,44,27,17,15.5,5.5,20.8,12.0,0.5,1.57,0.68,0.262,0.7,0.1,2.8,0.531,0.000,0.770
Gary Trent Jr.,TOR,70,24,46,27.9,13.6,31.4,24.0,1.2,2.35,1.88,0.432,0.3,0.0,0.6,0.833,1.333,0.956
Georges Niang,CLE,82,48,34,22.3,9.4,36.3,19.3,1.0,1.64,0.76,0.258,0.2,0.1,0.6,0.789,0.444,0.887
Giannis Antetokounmpo,MIL,73,45,28,35.2,30.4,79.7,39.9,4.7,3.53,2.53,0.382,4.2,2.8,6.4,0.572,0.544,1.120
Goga Bitadze,ORL,62,34,28,15.4,5.0,22.3,14.1,0.7,1.76,0.67,0.225,1.3,0.3,4.3,0.383,0.684,0.936
Gordon Hayward,OKC,51,25,26,24.4,9.8,37.0,24.9,1.7,2.80,1.89,0.265,0.7,0.3,1.6,0.514,0.647,0.667
Gradey Dick,TOR,59,18,41,20.8,8.5,21.5,16.3,0.6,1.79,1.11,0.395,0.5,0.0,0.7,1.033,0.000,1.000
Grant Williams,CHA,75,33,42,27.9,10.3,37.8,23.1,1.2,1.84,0.76,0.273,1.1,1.0,2.2,0.430,0.541,0.756
Grayson Allen,PHX,74,45,29,33.4,13.6,48.8,23.1,2.1,2.57,1.81,0.279,0.4,0.0,0.7,0.296,0.000,0.558
Greg Brown III,DAL,6,3,3,6.6,2.5,6.0,3.5,0.2,1.76,0.70,0.417,0.2,0.0,1.0,0.000,0.000,1.000
Gui Santos,GSW,22,17,5,8.5,3.7,11.2,6.9,0.4,1.95,1.18,0.333,0.4,0.0,1.3,0.500,0.000,0.931
Hamidou Diallo,WAS,2,1,1,2.4,1.0,5.0,3.0,0.3,3.20,2.40,0.200,0.0,0.0,1.0,0.000,0.000,1.000
Harrison Barnes,SAC,82,46,36,29.0,12.2,35.3,22.6,1.2,2.01,1.14,0.346,0.5,0.6,1.5,0.444,0.627,0.877
Harry Giles III,LAL,23,11,12,4.3,2.4,6.7,3.8,0.2,2.00,0.81,0.361,0.3,0.2,0.8,0.857,0.800,0.789
Haywood Highsmith,MIA,66,39,27,20.7,6.1,24.0,13.3,0.7,1.84,1.00,0.256,0.3,0.1,1.9,0.261,0.500,0.528
Henri Drell,CHI,4,2,2,7.5,2.8,10.8,5.3,0.3,1.94,1.00,0.256,0.0,0.0,0.3,0.000,0.000,2.000
Herbert Jones,NOP,75,46,29,30.6,11.0,43.1,23.0,1.8,2.52,1.53,0.256,0.5,0.0,1.4,0.550,0.000,0.750
Hunter Tyson,DEN,17,13,4,2.7,1.0,4.2,2.6,0.1,2.08,1.01,0.236,0.2,0.0,0.1,0.667,0.000,0.000
Ibou Badji,POR,22,5,17,10.3,1.5,10.5,5.4,0.3,1.53,0.22,0.147,1.1,0.0,1.6,0.167,0.000,0.600
Immanuel Quickley,TOR,67,28,39,29.0,16.8,60.0,24.8,4.8,4.84,4.47,0.280,0.3,0.0,0.4,0.263,0.000,0.862
Isaac Okoro,CLE,69,41,28,27.3,9.4,30.7,19.8,1.1,2.23,1.62,0.306,0.3,0.1,1.4,0.652,0.400,0.691
Isaiah Hartenstein,NYK,75,47,28,25.3,7.8,41.0,22.4,1.0,1.52,0.43,0.189,3.1,0.2,6.7,0.498,1.000,0.788
Isaiah Jackson,IND,60,37,23,12.8,6.4,15.9,10.3,0.3,1.31,0.47,0.402,1.4,0.4,4.4,0.624,0.652,1.008
Isaiah Joe,OKC,78,54,24,18.5,8.2,24.7,15.7,0.8,1.90,1.26,0.330,0.3,0.0,0.7,0.480,0.000,0.436
Isaiah Livers,DET,23,1,22,20.4,5.0,19.9,11.8,0.6,1.79,0.99,0.249,0.5,0.0,0.9,0.273,0.000,0.857
Isaiah Mobley,CLE,10,2,8,7.2,2.3,13.2,7.1,0.5,2.13,1.16,0.174,0.5,0.2,0.8,0.800,1.000,0.750
Isaiah Stewart,DET,45,9,36,30.9,11.1,36.5,21.7,1.0,1.61,0.72,0.303,1.3,1.4,4.6,0.644,0.477,0.876
Isaiah Thomas,PHX,6,4,2,3.2,1.3,8.0,3.8,0.5,4.10,4.08,0.167,0.2,0.0,0.0,0.000,0.000,0.000
Isaiah Wong,IND,1,1,0,4.3,2.0,11.0,7.0,0.9,4.94,4.09,0.182,0.0,0.0,0.0,0.000,0.000,0.000
Ish Smith,CHA,43,6,37,17.2,3.2,33.8,10.7,2.7,4.86,5.08,0.096,0.3,0.0,0.5,0.167,0.000,0.455
Ish Wainright,PHX,11,2,9,5.7,2.1,8.9,5.8,0.2,1.59,0.92,0.235,0.2,0.0,0.4,0.000,0.000,0.000
Ivica Zubac,LAC,67,41,26,26.4,11.6,42.8,20.4,1.0,1.38,0.41,0.271,3.8,1.5,8.6,0.545,0.969,0.990
Izaiah Brockington,NOP,1,1,0,3.4,4.0,9.0,3.0,0.7,4.86,4.44,0.444,0.0,0.0,1.0,0.000,0.000,0.000
JD Davison,BOS,7,7,0,5.5,2.3,12.3,4.3,1.1,5.42,5.47,0.186,0.3,0.0,0.4,1.000,0.000,1.333
JT Thor,CHA,62,15,47,12.4,3.1,16.4,8.5,0.4,1.47,0.54,0.191,0.2,0.0,1.0,1.077,0.000,0.714
Ja Morant,MEM,9,6,3,35.3,25.1,78.9,28.8,7.6,5.80,5.28,0.318,0.3,0.0,1.4,0.667,0.000,1.077
JaVale McGee,SAC,46,28,18,7.4,4.0,11.6,7.2,0.3,1.50,0.45,0.346,1.5,0.2,2.7,0.515,0.556,1.079
Jabari Smith Jr.,HOU,76,39,37,31.9,13.7,45.6,20.9,1.4,1.86,1.00,0.301,1.4,0.7,3.2,0.712,0.741,0.943
Jabari Walker,POR,72,18,54,23.6,8.9,29.1,16.4,0.9,1.83,0.79,0.305,1.3,0.1,3.5,0.516,0.222,0.928
Jack White,MEM,4,0,4,15.9,1.5,17.8,10.5,0.4,1.33,0.51,0.085,0.0,0.0,1.3,0.000,0.000,0.000
Jacob Gilyard,BKN,40,12,28,17.0,4.3,36.2,14.4,2.7,4.56,4.35,0.120,0.1,0.0,0.1,0.000,0.000,0.000
Jacob Toppin,NYK,9,2,7,4.2,1.4,6.7,3.7,0.2,1.94,1.07,0.217,0.0,0.0,0.4,0.000,0.000,1.500
Jaden Hardy,DAL,72,43,29,13.7,7.3,23.9,9.8,1.6,4.00,3.70,0.303,0.1,0.0,0.4,0.500,0.000,1.071
Jaden Ivey,DET,76,14,62,28.7,15.4,46.6,26.4,2.8,3.56,3.31,0.330,0.6,0.0,1.1,0.682,0.000,0.845
Jaden McDaniels,MIN,72,48,24,29.2,10.5,33.1,20.9,1.1,2.07,1.40,0.317,0.4,0.2,1.3,0.929,0.647,0.703
Jaden Springer,BOS,48,31,17,10.6,3.4,11.3,6.5,0.6,3.30,2.64,0.302,0.3,0.0,0.8,0.714,0.000,0.650
Jae Crowder,MIL,50,25,25,23.1,6.2,28.6,14.7,0.7,1.42,0.52,0.218,0.2,0.0,1.3,0.833,0.000,0.781
Jae'Sean Tate,HOU,65,32,33,15.9,4.1,18.0,8.8,0.7,2.24,1.46,0.226,0.4,0.4,1.2,0.259,0.577,0.568
Jahmi'us Ramsey,TOR,7,0,7,17.3,6.7,28.9,10.6,1.6,3.23,2.91,0.233,0.7,0.0,1.1,0.800,0.000,0.750
Jaime Jaquez Jr.,MIA,75,44,31,28.2,11.9,41.9,21.5,2.2,3.21,2.84,0.283,0.7,1.0,2.9,0.727,0.462,0.890
Jake LaRavia,MEM,35,8,27,23.0,10.8,34.9,22.2,1.4,2.40,1.81,0.310,0.5,0.0,1.8,0.526,0.000,0.730
Jakob Poeltl,TOR,50,21,29,26.4,11.1,48.0,25.8,1.1,1.40,0.28,0.231,6.4,1.0,8.7,0.470,0.620,0.849
Jalen Brunson,NYK,77,49,28,35.4,28.7,88.0,34.3,8.6,5.86,5.57,0.326,0.5,0.6,0.4,0.514,0.432,0.733
Jalen Crutcher,NOP,1,1,0,2.7,0.0,6.0,3.0,0.3,3.33,3.50,0.000,0.0,0.0,0.0,0.000,0.000,0.000
Jalen Duren,DET,60,13,47,29.4,13.9,57.6,27.5,1.8,1.87,0.88,0.242,5.2,0.7,8.6,0.552,0.590,0.959
Jalen Green,HOU,82,41,41,31.7,19.6,59.8,25.2,4.3,4.35,3.84,0.328,0.4,0.0,0.9,0.871,0.000,1.043
Jalen Hood-Schifino,LAL,20,9,11,5.0,1.7,10.2,4.5,0.8,4.68,4.44,0.162,0.2,0.0,0.3,0.000,0.000,0.667
Jalen Johnson,ATL,56,27,29,33.7,16.0,69.7,31.5,2.4,2.07,1.01,0.230,1.6,0.4,3.1,0.920,0.640,1.103
Jalen McDaniels,TOR,49,12,37,10.5,3.4,16.5,9.4,0.5,1.98,1.18,0.204,0.2,0.0,0.8,0.333,0.000,0.700
Jalen Pickett,DEN,26,19,7,4.6,1.6,10.0,4.3,0.8,4.65,4.37,0.162,0.0,0.0,0.0,0.000,0.000,0.000
Jalen Slawson,SAC,12,8,4,3.1,0.7,5.2,2.6,0.1,1.55,0.71,0.129,0.0,0.0,0.3,0.000,0.000,0.500
Jalen Smith,IND,61,36,25,17.2,9.9,25.0,15.7,0.6,1.41,0.45,0.394,1.0,0.5,4.3,0.750,0.563,1.049
Jalen Suggs,ORL,75,43,32,27.0,12.6,45.8,21.3,2.4,3.08,2.47,0.274,0.3,0.0,1.0,0.600,0.000,0.808
Jalen Williams,OKC,71,51,20,31.3,19.1,57.1,25.1,3.9,4.06,3.83,0.334,0.7,0.0,1.8,0.938,0.000,1.176
Jalen Wilson,BKN,41,14,27,14.9,5.0,15.7,10.5,0.5,2.08,1.27,0.319,0.3,0.0,1.2,0.833,0.000,0.837
Jamal Cain,MIA,26,14,12,10.0,3.7,11.3,6.0,0.4,2.00,1.14,0.331,0.2,0.0,0.9,0.400,0.000,0.917
Jamal Murray,DEN,57,42,15,31.4,20.7,69.5,31.6,5.9,5.12,4.71,0.298,1.1,0.9,1.3,0.817,0.620,0.961
Jamaree Bouyea,SAS,9,2,7,10.5,2.3,23.0,8.7,1.8,4.68,4.22,0.101,0.0,0.0,0.2,0.000,0.000,1.000
James Bouknight,CHA,14,0,14,5.8,3.6,10.7,6.1,0.6,3.18,2.43,0.333,0.1,0.0,0.1,0.000,0.000,1.000
James Harden,LAC,71,45,26,34.3,16.6,75.6,26.7,6.8,5.39,4.80,0.220,0.8,0.1,0.5,0.107,0.000,0.545
James Johnson,IND,9,4,5,5.2,0.9,8.7,4.6,0.4,2.92,2.28,0.103,0.3,0.0,0.2,0.667,0.000,0.000
James Wiseman,DET,62,9,53,17.1,6.9,29.0,13.4,0.7,1.49,0.41,0.239,1.9,0.8,5.0,0.509,0.694,1.075
Jarace Walker,IND,33,18,15,10.3,3.6,16.6,9.7,0.6,2.02,1.30,0.219,0.3,0.0,0.6,0.100,0.000,0.500
Jared Butler,WAS,40,6,34,14.1,6.3,28.6,10.2,2.4,5.12,4.88,0.219,0.2,0.0,0.3,0.875,0.000,0.400
Jared Rhoden,DET,17,2,15,14.4,4.9,17.9,9.6,0.7,2.20,1.42,0.272,0.1,0.0,0.4,2.000,0.000,1.429
Jaren Jackson Jr.,MEM,66,22,44,32.2,22.5,54.8,33.4,2.7,2.91,2.15,0.411,1.8,3.0,2.3,0.793,0.651,0.914
Jarred Vanderbilt,LAL,28,13,15,20.2,5.3,17.7,8.1,0.5,1.70,1.02,0.298,1.1,0.0,3.1,0.516,0.000,0.693
Jarrett Allen,CLE,77,46,31,31.7,16.5,50.0,33.8,1.3,1.62,0.40,0.330,6.1,0.7,10.6,0.666,0.481,0.996
Jason Preston,UTA,7,2,5,10.2,1.7,23.0,7.9,1.5,3.97,3.16,0.075,0.0,0.0,1.0,0.000,0.000,0.857
Javon Freeman-Liberty,TOR,21,3,18,18.3,7.0,38.6,14.3,2.5,3.94,3.56,0.181,0.5,0.0,1.4,1.273,0.000,1.000
Javonte Green,CHI,9,5,4,25.6,12.2,38.9,16.8,0.8,1.20,0.43,0.314,0.3,0.0,3.2,1.333,0.000,1.172
Javonte Smart,PHI,1,1,0,0.7,0.0,1.0,0.0,0.4,24.84,21.00,0.000,0.0,0.0,0.0,0.000,0.000,0.000
Jaxson Hayes,LAL,69,40,29,12.5,4.3,16.1,7.7,0.4,1.38,0.44,0.269,1.0,0.0,2.8,0.681,0.000,0.984
Jay Huff,DEN,19,15,4,2.5,1.1,3.8,2.7,0.1,1.93,0.63,0.292,0.3,0.0,0.2,0.000,0.000,1.000
Jaylen Brown,BOS,69,51,18,33.5,22.9,53.0,27.5,3.6,4.08,3.55,0.433,1.0,1.9,2.2,0.761,0.641,0.961
Jaylen Nowell,DET,13,3,10,16.4,6.2,25.2,12.4,1.7,4.01,3.80,0.247,0.1,0.0,0.3,0.000,0.000,1.000
Jaylin Williams,OKC,69,48,21,13.0,4.0,27.1,14.7,0.6,1.42,0.30,0.148,1.3,0.0,1.3,0.333,0.000,0.587
Jayson Tatum,BOS,73,56,17,35.7,26.8,75.8,38.7,4.8,3.83,2.76,0.354,1.2,1.8,1.6,0.929,0.773,1.095
Jeff Dowtin Jr.,PHI,11,6,5,12.2,4.5,23.7,9.8,1.7,4.37,4.27,0.192,0.3,0.0,0.4,0.667,0.000,2.000
Jeff Green,HOU,78,39,39,16.8,6.5,18.6,12.5,0.6,1.91,0.87,0.351,0.9,0.5,1.3,0.554,0.632,0.990
Jerami Grant,POR,54,17,37,33.9,21.0,52.5,34.6,2.6,2.92,1.96,0.400,1.4,1.9,1.6,0.600,0.441,0.930
Jeremiah Robinson-Earl,NOP,38,22,16,8.6,3.0,12.1,6.8,0.3,1.44,0.60,0.250,0.4,0.1,1.1,0.250,0.000,0.884
Jeremy Sochan,SAS,73,17,56,29.7,11.5,50.9,25.0,2.6,3.06,2.42,0.226,1.6,0.8,4.1,0.711,0.237,0.782
Jericho Sims,NYK,45,30,15,13.0,2.0,15.4,8.0,0.4,1.56,0.55,0.133,0.8,0.0,2.3,0.029,1.000,0.606
Jermaine Samuels Jr.,HOU,14,8,6,4.3,1.4,4.7,2.1,0.1,1.76,0.91,0.303,0.3,0.0,0.3,0.000,0.000,1.000
Jerome Robinson,GSW,21,17,4,3.8,1.5,7.2,4.4,0.3,2.17,1.68,0.205,0.0,0.0,0.2,2.000,0.000,0.800
Jett Howard,ORL,18,9,9,3.7,1.6,5.1,3.2,0.3,3.07,2.82,0.319,0.0,0.0,0.2,0.000,0.000,0.667
Jevon Carter,CHI,71,35,36,14.0,5.0,21.9,12.2,1.0,2.68,2.19,0.230,0.1,0.0,0.1,0.800,0.000,0.222
Jimmy Butler,MIA,60,33,27,34.0,20.8,61.0,36.8,4.5,4.41,3.24,0.341,1.4,2.3,5.7,0.583,0.385,0.802
Jock Landale,HOU,56,28,28,13.6,4.9,17.5,11.6,0.4,1.46,0.48,0.280,1.8,0.4,3.3,0.524,0.571,0.742
Joe Harris,DET,16,4,12,10.6,2.4,10.0,6.6,0.2,1.37,0.58,0.244,0.3,0.0,0.3,0.500,0.000,0.600
Joe Ingles,ORL,68,42,26,17.2,4.4,29.8,17.1,1.5,3.08,1.84,0.146,0.2,0.0,0.2,0.583,0.000,0.667
Joel Embiid,PHI,39,31,8,33.6,34.7,74.6,53.8,3.4,2.73,1.36,0.465,5.1,4.8,5.7,0.772,0.691,1.243
John Collins,UTA,67,27,40,27.9,15.0,44.9,23.9,1.2,1.62,0.62,0.335,1.4,1.0,5.6,0.839,0.656,1.064
John Konchar,MEM,55,18,37,21.3,4.3,34.7,17.1,1.3,2.27,1.48,0.123,0.4,0.0,1.7,0.857,0.000,0.458
Johnny Davis,WAS,50,8,42,12.3,3.0,11.8,6.8,0.4,2.15,1.43,0.257,0.2,0.0,0.6,0.900,0.000,1.172
Johnny Juzang,UTA,19,5,14,19.2,7.5,18.8,13.3,0.7,2.08,1.33,0.397,0.3,0.0,0.6,0.400,0.000,0.818
Jonas Valanciunas,NOP,81,49,32,23.5,12.3,48.4,28.9,1.4,1.74,0.50,0.253,2.0,3.7,5.8,0.571,0.696,1.061
Jonathan Isaac,ORL,58,35,23,15.8,6.8,21.7,9.9,0.5,1.32,0.43,0.313,0.4,0.1,2.5,0.696,0.600,1.140
Jonathan Kuminga,GSW,73,40,33,26.3,15.9,46.0,24.1,2.1,2.79,2.05,0.346,1.3,1.9,3.3,0.849,0.564,0.967
Jontay Porter,TOR,25,6,19,14.4,4.6,27.8,16.7,0.8,1.63,0.54,0.166,1.7,0.6,2.6,0.186,0.133,0.621
Jordan Clarkson,UTA,54,22,32,30.6,17.0,50.6,34.0,3.2,3.74,2.95,0.336,1.1,0.1,1.5,0.661,0.667,0.756
Jordan Ford,SAC,6,2,4,3.6,2.0,7.5,2.3,0.6,4.69,4.73,0.267,0.0,0.0,0.0,0.000,0.000,0.000
Jordan Goodwin,MEM,57,30,27,18.5,6.5,39.3,16.6,2.6,3.91,3.64,0.164,0.4,0.0,1.6,0.571,0.000,0.589
Jordan Hawkins,NOP,66,38,28,17.4,7.9,22.9,15.7,0.7,1.83,1.28,0.344,0.2,0.0,0.3,0.733,0.000,0.571
Jordan McLaughlin,MIN,56,35,21,11.2,3.5,23.7,10.2,1.4,3.66,3.33,0.147,0.3,0.0,0.4,0.500,0.000,0.667
Jordan Miller,LAC,7,4,3,3.9,1.9,4.7,2.0,0.2,2.65,2.00,0.394,0.1,0.0,0.4,0.000,0.000,1.333
Jordan Nwora,TOR,51,14,37,13.7,6.9,22.0,13.0,0.9,2.35,1.63,0.315,0.3,0.1,1.0,1.118,2.000,1.096
Jordan Poole,WAS,78,15,63,30.1,17.4,53.7,25.2,3.8,4.25,3.89,0.324,0.4,0.0,0.5,0.969,0.000,1.024
Jordan Walsh,BOS,9,9,0,9.3,1.7,9.2,5.9,0.3,1.76,0.96,0.181,0.1,0.0,0.4,2.000,0.000,0.500
Jose Alvarado,NOP,55,38,17,18.3,7.1,35.0,15.3,2.1,3.55,3.46,0.202,0.3,0.0,0.6,0.667,0.000,0.839
Josh Giddey,OKC,80,56,24,25.1,12.3,56.5,27.7,2.8,3.00,2.31,0.218,1.2,0.3,2.3,0.653,0.200,0.696
Josh Green,DAL,56,31,25,26.4,8.2,32.8,15.4,1.4,2.59,1.90,0.251,0.6,0.0,1.1,0.484,0.000,0.492
Josh Hart,NYK,81,49,32,33.4,9.4,55.5,28.8,2.3,2.51,1.88,0.169,0.8,0.1,1.9,0.615,0.857,0.607
Josh Minott,MIN,32,23,9,2.9,1.6,3.9,2.3,0.2,2.54,1.62,0.400,0.2,0.0,0.5,0.571,0.000,0.625
Josh Okogie,PHX,60,37,23,16.0,4.6,18.4,10.1,0.6,2.09,1.39,0.252,0.3,0.0,1.5,0.200,0.000,0.833
Josh Richardson,MIA,43,24,19,25.6,9.9,42.2,20.2,2.4,3.38,2.65,0.234,0.3,0.0,0.8,0.500,2.000,1.000
Joshua Primo,LAC,2,2,0,5.1,1.0,2.5,2.0,0.1,1.65,1.60,0.400,0.0,0.0,0.0,0.000,0.000,0.000
Jrue Holiday,BOS,68,52,16,32.8,12.4,53.8,20.9,3.2,3.60,3.21,0.231,1.0,0.7,2.2,0.385,0.625,0.705
Juan Toscano-Anderson,SAC,11,7,4,4.8,0.6,6.8,3.6,0.2,1.76,1.05,0.093,0.1,0.0,0.7,0.000,0.000,0.500
Jules Bernard,WAS,19,2,17,7.9,3.9,11.9,5.8,0.7,3.75,2.97,0.327,0.1,0.0,0.5,0.000,0.000,1.000
Julian Champagnie,SAS,73,18,55,19.6,6.7,25.5,14.0,0.7,1.64,0.78,0.261,0.3,0.0,1.0,0.739,0.000,0.632
Julian Phillips,CHI,39,20,19,8.1,2.3,8.1,4.9,0.2,1.51,0.74,0.282,0.1,0.0,0.5,0.000,0.000,0.850
Julian Strawther,DEN,48,32,16,11.1,4.7,16.0,11.0,0.6,2.19,1.60,0.296,0.2,0.0,0.3,0.750,0.000,0.769
Julius Randle,NYK,46,29,17,35.4,24.0,72.5,48.6,3.8,3.15,2.19,0.330,2.0,2.8,3.6,0.556,0.473,1.067
Justin Champagnie,WAS,15,3,12,15.7,5.9,23.5,10.8,0.7,1.87,0.89,0.252,0.3,0.0,1.7,1.200,0.000,0.846
Justin Holiday,DEN,57,37,20,14.7,4.1,15.0,9.9,0.4,1.59,0.88,0.270,0.4,0.0,0.4,0.760,0.000,0.609
Justin Jackson,MIN,2,2,0,0.4,0.0,0.0,0.0,0.0,0.00,0.00,0.000,0.0,0.0,0.0,0.000,0.000,0.000
Justin Minaya,POR,34,3,31,11.2,1.8,12.9,7.9,0.4,2.03,1.44,0.139,0.1,0.0,0.8,0.000,0.000,0.407
Jusuf Nurkic,PHX,75,48,27,27.3,10.9,55.5,30.6,1.7,1.83,0.75,0.197,3.6,2.7,7.3,0.498,0.595,0.798
KJ Martin,PHI,60,33,27,12.4,3.7,14.7,8.4,0.3,1.30,0.65,0.255,0.6,0.0,1.8,0.333,0.000,0.869
Kaiser Gates,NOP,1,0,1,7.4,0.0,14.0,7.0,0.3,1.21,0.14,0.000,0.0,0.0,1.0,0.000,0.000,0.000
Karl-Anthony Towns,MIN,62,42,20,32.7,21.8,53.2,36.2,1.9,2.13,0.91,0.409,2.2,2.9,2.8,0.748,0.637,0.932
Kawhi Leonard,LAC,67,43,24,34.2,23.8,53.7,34.3,3.3,3.73,2.96,0.443,2.6,2.3,2.8,0.678,0.397,0.989
Keegan Murray,SAC,77,43,34,33.6,15.2,43.2,30.7,1.4,1.93,1.15,0.353,0.7,0.1,2.2,0.811,0.833,0.862
Keita Bates-Diop,BKN,53,29,24,12.5,3.7,13.3,6.9,0.5,2.15,1.19,0.279,0.3,0.0,1.1,0.333,2.000,0.842
Keldon Johnson,SAS,68,16,52,29.5,15.6,49.8,25.7,2.2,2.68,1.78,0.314,0.6,0.2,1.9,0.658,0.286,0.931
Kelly Olynyk,TOR,77,31,46,22.4,9.7,47.4,27.3,1.8,2.26,0.84,0.205,1.4,0.6,2.4,0.582,0.837,1.021
Kelly Oubre Jr.,PHI,67,39,28,30.3,15.5,40.0,24.6,1.5,2.31,1.56,0.388,0.7,0.0,2.6,0.612,0.000,1.121
Kendall Brown,IND,15,10,5,4.2,1.4,5.1,3.1,0.1,1.64,1.04,0.276,0.0,0.0,0.3,0.000,0.000,2.000
Kenneth Lofton Jr.,UTA,21,7,14,9.4,4.6,14.3,10.3,0.6,2.37,1.26,0.320,1.4,0.8,1.3,0.586,0.438,0.643
Kenrich Williams,OKC,69,49,20,14.9,4.7,19.4,11.3,0.6,1.73,0.96,0.243,0.5,0.0,1.8,0.353,0.000,0.746
Kentavious Caldwell-Pope,DEN,74,52,22,31.6,10.1,36.3,24.6,1.2,2.00,1.08,0.279,0.7,0.0,0.9,0.333,0.000,0.703
Keon Ellis,SAC,57,33,24,17.2,5.4,26.7,13.4,1.4,3.06,2.58,0.204,0.3,0.0,0.7,0.400,0.000,0.579
Keon Johnson,BKN,4,0,4,12.8,7.0,22.0,8.8,1.5,4.11,3.65,0.318,0.0,0.0,0.5,0.000,0.000,1.000
Kessler Edwards,SAC,54,32,22,5.1,1.7,6.8,4.0,0.2,1.58,0.64,0.255,0.1,0.0,0.4,0.667,0.000,0.762
Kevin Durant,PHX,74,44,30,37.2,26.9,71.0,42.7,4.1,3.47,2.41,0.378,1.9,2.9,1.5,0.786,0.447,1.109
Kevin Huerter,SAC,64,37,27,24.4,10.2,36.8,25.2,1.2,1.90,1.24,0.278,0.5,0.0,1.6,0.774,0.000,0.822
Kevin Knox II,DET,31,4,27,18.1,7.2,20.0,11.2,0.5,1.49,0.64,0.359,0.4,0.0,1.2,1.154,0.000,0.778
Kevin Love,MIA,55,31,24,16.8,8.8,36.8,19.5,1.0,1.65,0.44,0.240,0.4,0.8,1.9,0.250,0.545,1.019
Kevon Harris,ORL,2,1,1,3.0,2.0,4.0,1.5,0.3,5.23,5.25,0.500,0.0,0.0,0.5,0.000,0.000,0.000
Kevon Looney,GSW,74,43,31,16.1,4.5,28.8,18.0,0.8,1.58,0.55,0.157,1.5,0.2,3.8,0.631,0.000,0.753
Keyontae Johnson,OKC,9,7,2,7.4,1.2,8.9,4.6,0.4,2.60,1.58,0.138,0.2,0.0,0.7,1.000,0.000,0.667
Keyonte George,UTA,74,27,47,26.8,12.8,63.0,24.3,5.6,5.31,4.66,0.203,0.1,0.0,0.3,1.200,0.000,1.143
Khris Middleton,MIL,55,31,24,27.0,15.1,50.3,26.0,3.0,3.60,2.80,0.299,0.5,1.1,1.0,0.440,0.712,0.907
Killian Hayes,DET,42,7,35,24.0,6.9,48.5,18.6,3.6,4.40,4.01,0.142,0.2,0.0,0.5,0.444,0.500,0.632
Kira Lewis Jr.,UTA,27,10,17,9.6,3.2,18.6,7.7,1.2,3.77,3.40,0.173,0.2,0.0,0.3,1.000,0.000,1.222
Klay Thompson,GSW,76,41,35,29.7,17.7,39.0,28.5,1.4,2.16,1.36,0.455,0.7,0.2,1.1,0.654,0.667,0.871
Kobe Brown,LAC,43,26,17,9.2,2.1,12.1,5.8,0.4,1.81,0.92,0.171,0.3,0.1,0.7,0.636,0.000,0.655
Kobe Bufkin,ATL,17,8,9,11.5,4.8,24.4,9.7,2.0,5.03,5.02,0.196,0.1,0.0,0.2,0.000,0.000,0.667
Kobi Simmons,TOR,4,0,4,16.9,5.0,35.3,15.0,2.4,4.17,3.57,0.142,0.3,0.0,0.3,0.000,0.000,0.000
Kris Dunn,UTA,65,25,40,19.0,5.5,40.3,15.6,2.7,4.01,3.32,0.136,0.4,0.0,0.6,0.240,0.000,0.475
Kris Murray,POR,61,11,50,21.7,6.1,25.1,15.0,0.9,2.13,1.34,0.242,0.5,0.0,1.7,0.276,0.000,0.772
Kristaps Porzingis,BOS,57,43,14,29.6,20.1,46.9,31.7,1.3,1.64,0.48,0.428,3.2,3.5,6.4,0.914,1.005,1.066
Kyle Anderson,MIN,79,55,24,22.6,6.4,39.7,22.9,2.1,3.10,2.11,0.161,1.7,0.2,2.1,0.371,0.889,0.617
Kyle Kuzma,WAS,70,13,57,32.6,22.2,57.9,35.0,3.2,3.32,2.30,0.383,1.5,0.7,2.2,0.852,0.686,1.032
Kyle Lowry,PHI,59,31,28,28.2,8.3,56.2,25.2,3.2,3.45,2.80,0.147,0.3,0.1,0.9,0.389,0.000,0.549
Kyrie Irving,DAL,57,38,19,35.1,25.7,70.7,30.4,4.9,4.12,3.56,0.364,1.0,0.1,1.4,0.966,0.857,0.913
LaMelo Ball,CHA,22,7,15,32.3,23.9,83.8,29.2,7.3,5.22,5.21,0.285,0.5,0.0,1.6,0.545,0.000,0.829
Lamar Stevens,MEM,38,22,16,14.7,7.2,22.9,11.9,1.0,2.71,1.79,0.313,0.9,0.3,1.6,0.818,0.750,0.767
Landry Shamet,WAS,46,6,40,15.8,7.1,21.9,13.1,0.9,2.45,1.99,0.324,0.3,0.0,0.5,0.714,0.000,0.727
Larry Nance Jr.,NOP,61,34,27,19.9,5.7,29.7,18.4,0.9,1.83,0.85,0.193,2.7,0.2,3.7,0.289,0.857,0.769
Lauri Markkanen,UTA,55,22,33,33.1,23.2,50.7,31.0,1.6,1.84,0.82,0.459,1.9,1.1,4.7,0.885,0.508,1.171
LeBron James,LAL,70,40,30,35.4,25.6,76.9,35.2,5.2,4.07,3.33,0.333,1.6,2.7,2.2,0.873,0.526,1.013
Leaky Black,CHA,26,2,24,10.9,2.7,13.3,7.8,0.4,1.73,0.81,0.200,0.1,0.0,0.7,0.000,0.000,1.158
Leonard Miller,MIN,17,13,4,3.1,1.7,5.9,2.7,0.2,2.34,1.25,0.287,0.1,0.0,0.8,2.000,0.000,1.000
Lester Quinones,GSW,36,24,12,10.7,4.5,17.9,9.7,1.0,3.46,2.99,0.251,0.3,0.0,0.6,0.222,0.000,0.810
Lindell Wigginton,MIL,3,3,0,2.5,2.0,4.7,3.0,0.4,5.47,4.72,0.429,0.0,0.0,0.0,0.000,0.000,0.000
Lindy Waters III,OKC,38,25,13,7.4,3.6,11.1,6.6,0.5,2.66,1.99,0.326,0.0,0.0,0.3,0.000,0.000,0.400
Lonnie Walker IV,BKN,57,23,34,17.2,9.7,24.0,14.3,1.4,3.49,2.99,0.404,0.2,0.0,0.4,0.889,0.000,1.043
Luguentz Dort,OKC,79,54,25,28.4,10.9,27.5,17.3,1.1,2.33,1.72,0.395,0.3,0.0,1.6,1.000,2.000,0.643
Luka Doncic,DAL,69,45,24,37.5,33.8,91.8,35.8,8.3,5.46,4.81,0.368,0.8,2.1,1.1,0.679,0.547,0.759
Luka Garza,MIN,25,17,8,4.9,4.0,8.5,5.5,0.2,1.48,0.56,0.465,0.4,0.2,1.5,0.444,0.333,0.868
Luka Samanic,UTA,42,15,27,9.3,4.0,13.3,7.4,0.4,1.73,0.93,0.305,0.4,0.5,1.3,1.176,0.682,0.778
Luke Kennard,MEM,39,15,24,25.6,11.0,42.4,27.1,2.0,2.82,1.99,0.260,0.2,0.0,0.1,0.857,0.000,1.500
Luke Kornet,BOS,62,47,15,15.5,5.2,16.9,11.5,0.4,1.37,0.26,0.306,1.0,0.1,4.8,0.339,0.286,0.923
Malachi Flynn,DET,68,28,40,12.9,5.6,28.8,12.0,2.2,4.62,4.25,0.193,0.1,0.0,0.2,0.800,0.000,0.375
Malaki Branham,SAS,74,17,57,21.2,9.1,34.2,18.2,1.8,3.18,2.52,0.265,0.5,0.0,0.7,1.029,0.000,1.019
Malcolm Brogdon,POR,39,15,24,28.7,15.7,59.3,25.1,4.7,4.78,4.95,0.265,0.2,0.1,0.7,0.667,0.800,0.889
Malcolm Cazalon,DET,1,0,1,2.6,0.0,1.0,0.0,0.0,1.20,0.00,0.000,0.0,0.0,0.0,0.000,0.000,0.000
Malik Beasley,MIL,79,46,33,29.6,11.3,31.2,18.6,1.0,1.93,1.24,0.361,0.2,0.0,0.5,0.353,0.000,0.700
Malik Monk,SAC,72,42,30,26.0,15.4,52.8,30.6,3.0,3.45,3.02,0.292,0.3,0.0,0.9,0.778,0.000,1.000
Malik Williams,TOR,7,2,5,15.2,2.7,20.4,12.4,0.5,1.59,0.36,0.133,1.9,0.1,3.7,0.154,0.000,0.385
Mamadi Diakite,NYK,6,5,1,4.1,2.0,6.7,4.2,0.2,1.79,0.80,0.300,0.5,0.2,0.8,1.333,1.000,1.200
Maozinha Pereira,MEM,7,2,5,17.4,6.9,22.4,11.6,0.5,1.38,0.64,0.306,0.7,0.0,2.9,0.800,0.000,1.350
MarJon Beauchamp,MIL,48,30,18,12.7,4.4,12.7,7.7,0.5,2.31,1.86,0.345,0.1,0.0,0.6,1.200,0.000,0.867
Marcus Morris Sr.,CLE,49,26,23,16.7,6.4,20.8,12.7,0.7,2.07,1.03,0.310,0.4,0.5,0.8,0.619,0.885,0.795
Marcus Sasser,DET,70,11,59,19.0,8.2,38.4,16.0,3.2,4.96,4.99,0.214,0.1,0.0,0.2,0.000,0.000,0.727
Marcus Smart,MEM,20,7,13,30.2,14.5,52.4,23.8,3.8,4.30,3.52,0.276,0.8,1.0,1.0,0.250,0.632,0.632
Mark Williams,CHA,19,7,12,26.8,12.7,33.2,17.6,0.8,1.37,0.28,0.384,3.2,0.4,9.4,0.567,1.000,1.084
Markelle Fultz,ORL,43,25,18,21.2,7.8,39.8,16.3,3.0,4.49,4.20,0.196,0.7,0.6,2.2,0.567,0.593,0.611
Markieff Morris,DAL,25,14,11,8.5,2.4,11.6,6.8,0.3,1.73,0.68,0.207,0.3,0.2,0.3,0.286,0.250,0.250
Markquis Nowell,TOR,1,0,1,3.5,2.0,9.0,5.0,0.6,3.93,4.78,0.222,0.0,0.0,0.0,0.000,0.000,0.000
Marques Bolden,CHA,11,5,6,11.0,3.4,13.0,6.4,0.3,1.45,0.39,0.259,0.5,0.3,2.8,0.333,1.333,1.129
Marvin Bagley III,WAS,50,7,43,21.1,11.7,33.1,19.0,0.9,1.62,0.64,0.352,2.5,0.7,5.8,0.789,0.676,1.096
Mason Jones,SAC,5,3,2,5.5,1.4,13.6,6.2,0.8,3.59,3.18,0.103,0.0,0.0,0.2,0.000,0.000,0.000
Mason Plumlee,LAC,46,29,17,14.7,5.3,24.8,12.1,0.8,1.88,0.72,0.214,1.7,0.3,4.0,0.425,0.857,0.896
Matisse Thybulle,POR,64,17,47,22.7,5.3,26.8,14.7,0.8,1.75,1.00,0.199,0.3,0.0,0.5,0.200,0.000,0.581
Matt Hurt,MEM,8,2,6,14.2,4.0,16.8,10.6,0.4,1.51,0.60,0.239,0.5,0.0,0.8,0.500,0.000,0.667
Matt Ryan,NOP,28,14,14,13.9,5.4,16.8,10.8,0.5,1.70,0.76,0.324,0.2,0.0,0.3,0.400,0.000,0.750
Max Christie,LAL,66,37,29,14.0,4.2,17.6,7.9,0.9,2.92,2.34,0.240,0.1,0.0,0.3,0.857,0.000,1.190
Max Strus,CLE,70,43,27,32.0,12.2,55.1,34.1,1.8,1.92,1.27,0.221,0.6,0.0,1.5,0.800,0.000,0.972
Maxi Kleber,DAL,42,26,16,20.3,4.5,23.8,14.5,0.6,1.41,0.37,0.191,0.7,0.1,1.8,0.226,0.500,0.527
Maxwell Lewis,LAL,33,17,16,2.9,0.2,2.7,1.6,0.1,2.69,2.09,0.091,0.0,0.0,0.0,0.000,0.000,0.000
Micah Potter,UTA,16,3,13,11.6,3.3,13.1,6.4,0.3,1.48,0.37,0.252,0.1,0.3,1.3,1.000,0.400,0.850
Michael Porter Jr.,DEN,79,55,24,31.7,16.7,41.6,26.3,1.4,1.99,0.97,0.403,1.3,0.1,2.5,0.631,0.500,1.077
Mikal Bridges,BKN,79,32,47,34.9,19.8,57.7,36.9,2.8,2.93,2.35,0.344,0.8,0.4,1.3,0.727,0.294,0.748
Mike Conley,MIN,76,53,23,28.9,11.4,66.5,29.2,4.9,4.41,4.10,0.172,0.2,0.0,0.3,0.667,0.000,0.346
Mike Muscala,OKC,53,17,36,11.3,3.0,16.4,9.5,0.4,1.30,0.36,0.180,0.8,0.1,1.5,0.465,0.333,0.584
Miles Bridges,CHA,68,16,52,37.4,21.0,65.5,37.5,2.7,2.44,1.56,0.320,0.9,0.8,2.3,0.629,0.273,1.182
Miles McBride,NYK,68,42,26,19.5,8.3,32.7,15.2,2.3,4.24,4.19,0.252,0.2,0.0,0.5,0.313,0.000,0.419
Mitchell Robinson,NYK,31,19,12,24.8,5.6,26.1,13.7,0.6,1.31,0.26,0.214,0.7,0.2,7.1,0.174,0.667,0.729
Mo Bamba,PHI,56,29,27,12.9,4.4,19.8,11.4,0.5,1.62,0.39,0.225,0.9,0.2,2.7,0.538,0.000,0.836
Monte Morris,MIN,33,21,12,14.4,5.0,28.3,12.2,2.0,4.25,3.83,0.175,0.2,0.0,0.2,0.333,0.000,0.400
Moritz Wagner,ORL,80,46,34,17.7,10.9,28.6,19.7,0.8,1.73,0.73,0.379,2.7,0.4,4.4,0.749,0.629,1.055
Moses Brown,POR,22,4,18,9.1,3.4,14.7,7.5,0.4,1.58,0.37,0.232,0.9,0.2,3.8,0.550,0.600,0.699
Moses Moody,GSW,65,38,27,17.4,8.1,20.2,13.9,0.8,2.25,1.49,0.398,0.4,0.0,1.5,0.458,0.000,1.030
Mouhamadou Gueye,TOR,11,0,11,10.9,2.4,16.9,11.7,0.6,1.96,0.90,0.140,2.1,0.0,2.7,0.565,0.000,0.400
Mouhamed Gueye,ATL,6,2,4,12.1,4.0,20.8,10.7,0.5,1.42,0.39,0.192,1.0,0.0,2.3,0.833,0.000,0.571
Moussa Diabate,LAC,11,7,4,5.8,2.6,8.5,4.7,0.2,1.63,0.56,0.312,0.4,0.2,2.3,1.000,0.000,0.880
Myles Turner,IND,77,45,32,27.0,17.1,36.8,27.4,0.9,1.48,0.54,0.463,3.4,1.3,5.7,0.913,0.778,1.104
Naji Marshall,NOP,65,41,24,19.2,7.1,32.4,15.5,1.5,2.71,2.27,0.219,0.5,0.0,1.2,0.677,0.000,0.600
Nassir Little,PHX,45,28,17,10.2,3.4,12.3,6.8,0.4,1.86,1.05,0.275,0.2,0.0,0.4,0.750,0.000,0.941
Nate Hinton,HOU,15,8,7,5.0,2.2,8.7,3.7,0.4,3.09,2.78,0.254,0.1,0.0,0.4,0.000,0.000,0.167
Nate Williams,HOU,22,11,11,5.9,2.9,7.3,4.2,0.3,2.65,1.76,0.394,0.2,0.0,0.6,0.500,0.000,1.357
Nathan Mensah,CHA,25,3,22,12.3,1.3,7.8,3.9,0.2,1.39,0.40,0.170,0.5,0.0,1.8,0.462,0.000,0.457
Naz Reid,MIN,81,56,25,24.2,13.5,39.7,23.0,1.2,1.74,0.96,0.339,0.9,1.4,1.8,0.622,0.430,0.883
Neemias Queta,BOS,28,24,4,11.9,5.5,13.9,8.9,0.3,1.48,0.34,0.397,1.0,0.4,4.3,0.750,0.800,1.074
Nic Claxton,BKN,68,27,41,29.9,11.9,45.1,27.5,1.5,1.98,0.79,0.264,3.4,0.6,9.0,0.421,0.875,0.954
Nick Richards,CHA,66,13,53,26.2,9.7,28.0,14.0,0.7,1.42,0.33,0.345,1.8,0.2,6.4,0.619,1.143,1.107
Nick Smith Jr.,CHA,50,8,42,14.2,6.0,23.4,12.2,1.5,3.95,3.35,0.255,0.1,0.0,0.3,0.800,0.000,0.615
Nickeil Alexander-Walker,MIN,82,56,26,23.4,8.0,39.1,16.9,2.3,3.49,2.90,0.204,0.2,0.0,0.5,0.278,0.000,0.610
Nicolas Batum,PHI,59,35,24,25.6,5.4,31.6,18.5,0.8,1.45,0.54,0.172,1.1,0.0,1.8,0.172,1.500,0.661
Nikola Jokic,DEN,77,53,24,34.7,26.3,101.1,55.4,4.8,2.83,1.53,0.261,11.0,8.3,8.2,0.582,0.590,0.983
Nikola Jovic,MIA,46,24,22,19.5,7.7,31.4,16.3,1.3,2.50,1.52,0.244,0.3,0.3,1.1,0.733,0.000,0.673
Nikola Vucevic,CHI,75,36,39,34.3,18.0,63.9,46.9,1.5,1.42,0.52,0.281,6.0,3.8,7.9,0.518,0.505,0.732
Noah Clowney,BKN,22,10,12,14.9,5.3,19.4,11.8,0.5,1.56,0.56,0.274,1.2,0.2,2.3,0.333,0.000,1.080
Norman Powell,LAC,75,47,28,26.2,13.8,27.3,17.5,1.2,2.55,2.00,0.507,0.3,0.0,0.5,0.708,0.000,1.077
OG Anunoby,NYK,50,31,19,34.0,14.7,40.9,29.5,1.3,1.89,1.10,0.358,0.8,0.3,2.4,0.951,0.286,0.958
Obi Toppin,IND,82,47,35,21.1,10.3,32.4,18.6,0.8,1.49,0.69,0.317,0.5,0.2,2.8,0.881,0.462,1.190
Ochai Agbaji,TOR,77,31,46,21.0,5.8,23.3,13.8,0.6,1.59,0.81,0.250,0.4,0.0,1.8,0.500,3.000,0.691
Olivier Sarr,OKC,15,8,7,6.5,2.3,9.4,4.6,0.2,1.15,0.26,0.241,0.4,0.0,1.7,0.000,0.000,1.000
Olivier-Maxence Prosper,DAL,40,24,16,8.4,3.0,10.2,5.0,0.5,2.68,2.04,0.297,0.3,0.0,0.7,0.769,0.000,0.630
Omer Yurtseven,UTA,47,17,30,11.5,4.7,19.3,10.8,0.5,1.50,0.34,0.244,1.2,0.4,4.1,0.527,0.762,0.897
Onuralp Bitim,CHI,22,11,11,11.7,3.4,14.1,8.9,0.4,1.77,1.01,0.239,0.3,0.0,0.3,0.667,0.000,0.857
Onyeka Okongwu,ATL,55,23,32,25.5,10.2,28.5,19.4,0.6,1.21,0.34,0.358,1.8,0.2,6.1,0.653,1.083,1.027
Orlando Robinson,MIA,36,20,16,8.4,2.8,13.5,8.2,0.5,2.06,0.85,0.204,0.7,0.4,1.8,0.346,0.333,0.571
Oscar Tshiebwe,IND,8,2,6,5.2,3.3,6.6,4.4,0.2,1.46,0.36,0.491,0.5,0.3,2.5,1.000,1.000,0.900
Oshae Brissett,BOS,55,46,9,11.5,3.7,15.6,7.1,0.5,2.05,1.13,0.235,0.3,0.0,1.6,0.667,1.000,0.573
Otto Porter Jr.,TOR,15,6,9,11.6,2.6,14.0,7.5,0.3,1.48,0.31,0.186,0.2,0.0,0.6,1.333,0.000,0.667
Ousmane Dieng,OKC,33,21,12,11.1,4.0,14.8,10.2,0.5,2.06,1.22,0.271,0.5,0.0,1.0,0.556,0.000,0.906
P.J. Tucker,LAC,31,13,18,15.7,1.7,13.4,6.1,0.3,1.40,0.45,0.125,0.3,0.0,1.2,0.200,0.000,0.162
P.J. Washington,DAL,72,29,43,30.4,12.9,46.0,23.9,1.3,1.66,0.80,0.281,1.4,0.4,2.5,0.534,0.448,1.073
Paolo Banchero,ORL,80,46,34,35.0,22.6,76.4,37.3,5.5,4.31,3.48,0.295,1.5,2.2,2.3,0.725,0.483,1.000
Pascal Siakam,IND,80,38,42,33.2,21.7,58.3,35.6,2.6,2.68,2.07,0.372,1.4,2.1,4.2,0.730,0.635,1.189
Pat Connaughton,MIL,76,45,31,22.1,5.6,31.6,16.3,1.2,2.27,1.55,0.178,0.3,0.0,1.0,0.043,0.000,0.753
Pat Spencer,GSW,5,4,1,4.8,0.8,8.2,4.8,0.3,2.53,1.73,0.098,0.4,0.0,0.2,0.000,0.000,2.000
Patrick Baldwin Jr.,WAS,38,6,32,13.0,4.4,18.3,9.2,0.5,1.49,0.56,0.242,0.3,0.1,0.8,1.583,0.000,0.733
Patrick Beverley,MIL,73,43,30,20.0,6.2,40.5,17.3,2.9,4.29,3.80,0.153,0.2,0.0,0.5,0.000,0.000,0.378
Patrick Williams,CHI,43,19,24,27.3,10.0,38.3,20.5,1.2,1.87,1.35,0.260,0.3,0.0,1.4,0.333,0.000,0.738
Patty Mills,MIA,32,15,17,13.0,4.0,16.1,10.8,0.6,2.22,2.12,0.247,0.1,0.0,0.3,0.667,0.000,0.750
Paul George,LAC,73,47,26,33.7,22.6,56.8,30.0,3.3,3.53,2.78,0.397,1.2,1.0,1.5,0.697,0.690,0.847
Paul Reed,PHI,81,46,35,19.3,7.2,28.0,16.5,0.8,1.67,0.69,0.259,2.0,0.1,4.2,0.646,0.167,0.751
Payton Pritchard,BOS,81,63,18,22.3,9.6,41.5,16.6,3.0,4.34,4.32,0.231,0.3,0.0,0.9,0.741,0.000,0.493
Pete Nance,CLE,8,3,5,3.4,0.4,3.5,2.1,0.1,1.85,0.93,0.107,0.0,0.4,0.0,0.000,0.000,0.000
Peyton Watson,DEN,78,54,24,18.5,6.6,26.7,12.8,1.1,2.43,1.43,0.246,0.7,0.0,1.6,0.647,0.000,0.875
Precious Achiuwa,NYK,74,40,34,21.9,7.6,32.9,19.6,1.0,1.82,0.82,0.232,1.5,0.1,4.2,0.370,0.400,0.820
Quentin Grimes,DET,51,32,19,20.1,7.0,24.2,17.4,0.8,1.98,1.26,0.290,0.2,0.0,0.2,0.833,0.000,0.000
Quenton Jackson,IND,3,3,0,3.5,0.7,7.7,2.3,0.6,4.82,4.22,0.087,0.0,0.0,0.0,0.000,0.000,0.000
R.J. Hampton,MIA,8,3,5,9.5,1.3,14.1,7.1,0.7,3.18,2.58,0.088,0.0,0.0,0.4,0.000,0.000,0.000
RJ Barrett,TOR,58,26,32,31.7,20.2,53.0,32.3,2.4,2.72,2.10,0.381,0.9,0.6,2.2,1.000,0.531,1.131
RaiQuan Gray,SAS,3,2,1,13.0,7.7,20.3,14.3,0.7,2.06,1.57,0.377,1.7,0.7,1.3,0.400,1.000,0.500
Rayan Rupert,POR,38,6,32,16.3,4.1,23.5,13.9,0.8,2.15,1.64,0.174,0.2,0.0,0.6,0.333,0.000,0.591
Reggie Bullock Jr.,HOU,44,24,20,9.5,2.2,10.7,5.5,0.3,1.63,0.54,0.204,0.1,0.0,0.0,0.000,0.000,0.000
Reggie Jackson,DEN,80,55,25,22.4,10.2,46.1,19.8,3.7,4.79,4.25,0.222,0.4,0.0,0.8,0.667,0.000,0.787
Richaun Holmes,WAS,40,13,27,13.9,5.0,18.3,11.0,0.5,1.57,0.37,0.271,1.5,0.2,3.7,0.534,1.333,0.952
Ricky Council IV,PHI,31,14,17,9.1,5.5,11.4,6.9,0.4,2.09,1.46,0.480,0.1,0.0,0.8,0.750,0.000,0.920
Robert Covington,PHI,29,20,9,16.8,4.4,21.7,9.9,0.6,1.72,0.61,0.202,0.4,0.0,1.4,0.182,0.000,0.775
Robert Williams III,POR,6,2,4,19.8,6.8,21.8,12.5,0.5,1.33,0.29,0.313,2.2,0.0,4.7,0.615,0.000,1.036
Robin Lopez,MIL,16,10,6,4.0,1.1,4.4,3.9,0.1,1.74,0.66,0.254,0.8,0.3,0.8,0.000,1.000,0.667
Ron Harper Jr.,TOR,1,1,0,3.7,0.0,4.0,4.0,0.2,2.97,3.25,0.000,0.0,0.0,0.0,0.000,0.000,0.000
Royce O'Neale,PHX,77,38,39,24.6,7.7,43.8,21.3,1.4,1.87,1.03,0.176,0.4,0.0,0.8,0.214,0.000,0.609
Rudy Gobert,MIN,76,53,23,34.1,14.0,45.9,24.8,1.1,1.47,0.34,0.304,3.4,1.4,10.7,0.541,0.769,1.011
Rui Hachimura,LAL,67,39,28,26.9,13.6,32.3,18.6,1.0,1.87,0.96,0.421,0.8,1.3,3.0,0.893,0.534,1.081
Russell Westbrook,LAC,68,45,23,22.5,11.1,44.7,17.1,3.3,4.41,3.95,0.248,0.8,0.4,2.4,0.556,0.444,0.838
Ryan Arcidiacono,NYK,20,15,5,2.3,0.0,3.0,1.5,0.1,2.50,1.83,0.000,0.1,0.0,0.1,0.000,0.000,0.000
Ryan Rollins,MIL,13,1,12,6.0,3.4,11.6,4.4,0.9,4.57,4.09,0.291,0.3,0.0,0.2,0.000,0.000,1.333
Saben Lee,PHX,23,15,8,7.9,3.0,15.1,6.0,1.1,4.33,4.09,0.202,0.2,0.0,0.6,0.400,0.000,0.857
Saddiq Bey,ATL,63,28,35,32.7,13.7,40.0,23.1,1.1,1.62,0.79,0.342,0.4,0.8,2.8,1.036,0.571,0.886
Sam Hauser,BOS,78,61,17,22.1,9.1,26.2,14.8,0.6,1.27,0.43,0.346,0.3,0.0,0.8,0.333,0.000,0.770
Sam Merrill,CLE,61,36,25,17.5,8.0,25.2,18.3,0.7,1.58,1.00,0.315,0.1,0.0,0.3,0.000,0.000,0.588
Sandro Mamukelashvili,SAS,45,11,34,9.9,4.2,16.8,8.9,0.5,1.93,1.16,0.251,0.5,0.1,1.3,0.652,0.400,0.633
Santi Aldama,MEM,61,23,38,26.5,10.7,44.2,25.4,1.6,2.21,1.31,0.243,1.5,0.1,2.3,0.280,0.250,0.884
Sasha Vezenkov,SAC,42,22,20,12.2,5.4,17.5,11.1,0.4,1.30,0.44,0.306,0.2,0.1,1.3,0.625,0.667,1.111
Scoot Henderson,POR,61,17,44,28.5,14.0,67.7,26.4,5.3,4.74,4.22,0.207,0.4,0.0,0.9,0.462,0.000,0.462
Scottie Barnes,TOR,60,22,38,34.9,19.9,75.1,38.7,3.6,2.90,2.28,0.264,2.2,1.7,4.4,0.600,0.423,0.943
Scotty Pippen Jr.,MEM,21,5,16,25.1,12.9,54.9,23.6,4.2,4.64,4.41,0.235,0.5,0.0,1.2,0.700,0.000,0.400
Seth Curry,CHA,44,25,19,14.0,5.1,19.8,11.0,1.0,3.12,2.51,0.260,0.2,0.0,0.3,0.667,0.000,0.733
Seth Lundy,ATL,9,2,7,5.8,1.6,5.9,3.2,0.2,1.68,0.78,0.264,0.0,0.0,0.2,0.000,0.000,0.000
Shaedon Sharpe,POR,32,8,24,33.1,15.9,48.8,26.4,3.0,3.66,3.02,0.327,0.8,0.1,1.4,0.815,0.000,0.864
Shai Gilgeous-Alexander,OKC,75,55,20,34.0,30.1,71.0,23.1,6.8,5.73,5.47,0.423,0.7,1.2,1.2,0.836,0.460,0.967
Shake Milton,NYK,48,32,16,12.1,4.5,20.8,10.8,1.2,3.53,2.91,0.217,0.2,0.0,0.5,0.455,0.000,0.792
Shaquille Harrison,MEM,3,1,2,2.0,0.7,3.3,1.0,0.2,4.41,4.00,0.200,0.0,0.0,0.0,0.000,0.000,0.000
Sidy Cissoko,SAS,12,5,7,11.7,3.8,13.9,7.9,0.4,1.82,1.04,0.269,0.5,0.0,1.3,1.167,0.000,0.688
Simone Fontecchio,DET,65,29,36,24.8,10.2,31.0,19.0,0.8,1.63,0.84,0.331,0.3,0.0,1.1,0.682,0.667,0.973
Skylar Mays,LAL,38,14,24,11.4,4.1,24.5,9.6,1.9,4.63,4.27,0.166,0.1,0.0,0.3,0.400,0.000,0.600
Spencer Dinwiddie,LAL,75,38,37,28.3,10.5,47.4,18.3,3.7,4.72,4.00,0.222,0.1,0.0,0.2,0.182,1.000,0.278
Stanley Umude,DET,23,4,19,12.8,5.4,11.0,7.0,0.3,1.57,0.74,0.488,0.1,0.0,0.2,0.667,0.000,0.500
Stephen Curry,GSW,74,43,31,32.7,26.4,68.4,27.1,5.1,4.43,4.42,0.386,0.6,0.0,1.0,0.800,0.000,1.041
Svi Mykhailiuk,BOS,41,32,9,10.1,4.0,12.3,7.4,0.4,1.85,0.93,0.321,0.1,0.0,0.3,1.500,0.000,0.846
T.J. McConnell,IND,71,40,31,18.2,10.2,52.4,18.8,4.1,4.73,4.67,0.195,0.6,0.0,0.8,0.600,0.000,0.593
T.J. Warren,MIN,11,7,4,11.3,3.7,12.6,8.5,0.4,2.03,1.30,0.295,0.3,0.0,0.5,1.333,0.000,1.167
Taj Gibson,DET,20,8,12,10.2,1.7,9.9,5.1,0.2,1.37,0.51,0.173,0.8,0.2,1.3,0.667,0.500,0.385
Talen Horton-Tucker,UTA,50,14,36,20.0,10.3,45.8,19.0,3.6,4.74,4.20,0.224,0.1,0.2,0.5,1.200,0.500,0.522
Tari Eason,HOU,22,12,10,21.8,9.8,31.7,14.0,1.1,2.04,1.33,0.308,0.5,0.2,3.2,0.833,0.000,0.771
Taurean Prince,LAL,77,43,34,27.1,8.9,25.3,15.4,0.8,1.93,1.06,0.350,0.4,0.0,0.6,0.500,0.000,0.694
Taylor Hendricks,UTA,40,13,27,21.4,7.3,21.6,11.7,0.5,1.51,0.70,0.339,0.3,0.1,1.2,0.167,1.000,1.021
Taze Moore,POR,4,1,3,10.1,4.5,19.0,10.0,0.8,2.38,1.59,0.237,0.5,0.0,1.3,0.000,0.000,0.400
Terance Mann,LAC,74,46,28,25.0,8.8,29.2,15.8,1.3,2.60,1.92,0.301,0.7,0.1,2.4,0.577,0.667,0.850
Terquavion Smith,PHI,15,7,8,5.2,3.4,10.9,4.0,0.7,3.75,3.32,0.313,0.0,0.0,0.0,0.000,0.000,0.000
Terry Rozier,MIA,61,22,39,33.4,19.8,75.1,32.9,5.9,4.68,4.29,0.263,0.4,0.0,0.7,0.773,0.000,0.524
Terry Taylor,CHI,30,12,18,6.2,1.5,6.5,4.0,0.2,1.39,0.67,0.235,0.4,0.0,0.8,0.364,0.000,1.042
Thaddeus Young,PHX,33,12,21,13.3,4.2,24.0,14.1,0.7,1.76,0.68,0.173,1.9,0.3,3.1,0.444,0.222,0.743
Thanasis Antetokounmpo,MIL,34,21,13,4.6,0.9,4.9,3.3,0.2,2.23,1.63,0.190,0.1,0.1,0.7,0.400,0.667,0.522
Theo Maledon,PHX,17,5,12,12.5,3.5,24.4,11.6,1.3,3.16,2.73,0.142,0.2,0.0,0.2,0.000,0.000,1.000
Thomas Bryant,MIA,38,22,16,11.6,5.7,17.3,9.6,0.5,1.83,0.49,0.330,1.4,0.5,3.2,0.615,0.526,1.172
Tim Hardaway Jr.,DAL,78,48,30,27.0,14.4,39.0,21.0,1.5,2.36,1.65,0.369,0.2,0.0,0.3,0.706,0.000,1.231
Timmy Allen,MEM,5,0,5,25.1,2.6,27.0,12.6,0.9,1.90,1.29,0.096,0.4,0.0,0.0,0.000,0.000,0.000
Tobias Harris,PHI,69,40,29,33.9,17.1,53.8,29.6,2.9,3.20,2.35,0.319,1.0,2.1,2.9,0.750,0.676,1.010
Torrey Craig,CHI,52,22,30,19.9,5.7,27.7,13.8,0.8,1.65,0.74,0.206,0.3,0.0,1.6,0.625,0.000,0.610
Tosan Evbuomwan,DET,17,1,16,21.6,5.9,19.7,12.8,0.6,1.74,1.05,0.301,0.9,0.1,1.8,0.400,0.000,0.300
Toumani Camara,POR,69,18,51,24.7,7.4,31.0,16.7,0.9,1.75,0.98,0.239,0.6,0.1,2.5,0.214,0.000,0.869
Trae Young,ATL,54,22,32,36.0,25.7,85.5,27.6,8.3,5.82,5.39,0.301,0.2,0.0,0.4,0.500,0.000,0.316
Trayce Jackson-Davis,GSW,67,39,28,16.5,7.9,27.3,16.8,0.7,1.56,0.57,0.289,1.8,0.5,5.2,0.775,0.406,0.923
Tre Jones,SAS,76,20,56,27.7,10.1,63.0,19.0,5.0,4.72,4.41,0.160,0.6,0.0,1.0,0.773,0.000,1.092
Tre Mann,CHA,41,21,20,24.1,9.3,44.1,16.7,3.7,4.99,4.74,0.211,0.2,0.0,0.4,0.333,0.000,0.353
Trendon Watford,BKN,61,25,36,13.2,6.8,27.9,11.9,1.6,3.37,2.83,0.242,0.4,0.3,1.0,0.600,0.611,0.937
Trent Forrest,ATL,38,18,20,10.9,2.2,22.7,7.7,2.1,5.53,4.93,0.096,0.2,0.0,0.4,0.000,0.000,0.267
Trevelin Queen,ORL,14,5,9,11.8,2.9,12.5,7.3,0.6,3.10,2.80,0.229,0.0,0.0,0.6,0.000,0.000,1.000
Trey Jemison,MEM,25,5,20,23.0,6.8,27.8,18.6,0.8,1.74,0.76,0.246,2.6,1.2,6.0,0.438,0.414,0.846
Trey Lyles,SAC,58,33,25,20.0,7.2,29.4,16.2,0.7,1.50,0.57,0.246,0.5,0.3,1.6,0.556,0.556,0.871
Trey Murphy III,NOP,56,35,21,29.8,14.8,41.3,26.2,1.4,2.01,1.25,0.358,0.4,0.0,1.1,0.667,0.000,0.967
Tristan Thompson,CLE,49,28,21,11.2,3.3,15.8,10.4,0.5,1.89,0.68,0.207,1.2,0.1,2.9,0.492,0.571,0.727
Tristan Vukcevic,WAS,10,3,7,15.3,8.5,23.0,14.1,0.6,1.61,0.74,0.370,1.9,0.2,1.7,1.211,0.000,1.235
Troy Brown Jr.,DET,58,30,28,14.2,4.3,16.7,9.8,0.6,2.23,1.67,0.255,0.1,0.0,0.4,0.286,0.000,0.583
Ty Jerome,CLE,2,1,1,7.4,2.0,15.5,6.5,1.3,4.91,4.42,0.129,0.0,0.0,0.0,0.000,0.000,0.000
TyTy Washington Jr.,MIL,11,5,6,5.1,1.3,11.9,5.3,0.9,4.30,4.17,0.107,0.0,0.0,0.1,0.000,0.000,0.000
Tyler Herro,MIA,42,23,19,33.5,20.8,65.1,33.7,4.1,3.78,3.26,0.320,0.4,0.0,0.6,0.222,0.000,0.593
Tyrese Haliburton,IND,69,40,29,32.2,20.1,90.9,30.5,6.5,4.31,3.91,0.222,0.3,0.0,0.4,0.455,3.000,0.621
Tyrese Maxey,PHI,69,42,27,37.6,25.9,87.4,35.5,7.4,5.06,4.60,0.297,0.2,0.0,0.4,1.000,0.000,0.966
Tyus Jones,WAS,66,11,55,29.3,12.0,68.2,26.7,4.8,4.20,3.74,0.176,0.3,0.0,0.3,0.600,0.000,0.826
Udoka Azubuike,PHX,16,12,4,7.1,2.2,6.4,3.8,0.2,1.67,0.41,0.340,0.6,0.1,1.8,0.111,1.000,0.964
Usman Garuba,GSW,6,5,1,3.0,0.5,7.7,4.3,0.2,1.64,0.76,0.065,0.2,0.3,1.0,0.000,0.000,0.500
Vasilije Micic,CHA,59,33,26,19.4,6.9,38.4,16.4,3.1,4.89,4.73,0.181,0.1,0.0,0.3,0.000,0.000,0.611
Victor Wembanyama,SAS,71,19,52,29.7,21.4,59.2,39.3,2.3,2.34,1.35,0.362,4.3,4.3,8.8,0.629,0.456,0.907
Vince Williams Jr.,MEM,52,18,34,27.6,10.0,45.9,24.3,2.5,3.26,2.44,0.218,0.4,0.1,1.8,0.524,0.333,0.787
Vit Krejci,ATL,22,9,13,24.6,6.1,28.8,17.0,1.0,2.11,1.31,0.213,0.1,0.0,0.5,0.667,0.000,0.583
Walker Kessler,UTA,63,26,37,23.3,8.1,32.1,16.3,0.7,1.33,0.25,0.253,1.0,0.2,6.8,0.531,0.538,0.995
Wendell Carter Jr.,ORL,55,30,25,25.6,11.0,37.3,23.4,1.0,1.59,0.51,0.294,2.5,0.6,5.7,0.413,0.581,0.833
Wendell Moore Jr.,MIN,25,18,7,3.0,0.7,4.5,1.8,0.2,3.30,2.74,0.161,0.0,0.0,0.1,2.000,0.000,1.000
Wenyen Gabriel,MEM,5,1,4,16.2,3.4,20.8,11.0,0.5,1.55,0.67,0.163,0.6,0.2,3.0,0.000,0.000,0.667
Wesley Matthews,ATL,36,11,25,11.5,3.1,14.3,7.6,0.3,1.42,0.64,0.214,0.0,0.0,0.5,0.000,0.000,0.412
Xavier Moon,LAC,14,7,7,8.5,2.4,19.6,7.1,1.3,4.11,3.65,0.120,0.2,0.0,0.2,0.000,0.000,0.000
Xavier Tillman,BOS,54,30,24,18.0,5.3,27.6,15.5,0.8,1.67,0.72,0.191,2.9,0.5,3.4,0.344,0.480,0.541
Yuta Watanabe,MEM,34,18,16,13.7,3.4,14.9,8.6,0.4,1.64,1.02,0.231,0.1,0.0,0.4,0.400,0.000,0.308
Zach Collins,SAS,68,18,50,22.1,11.3,39.8,27.2,1.2,1.79,0.70,0.284,4.0,1.9,4.7,0.509,0.687,0.783
Zach LaVine,CHI,25,10,15,34.9,19.5,63.0,28.7,4.1,3.91,3.38,0.309,0.6,0.1,0.6,0.786,0.000,0.750
Zavier Simpson,MEM,7,1,6,23.1,6.0,48.9,19.6,4.3,5.32,5.47,0.123,0.3,0.0,0.4,1.000,0.000,0.000
Zeke Nnaji,DEN,56,39,17,9.9,3.3,11.2,7.9,0.3,1.58,0.54,0.291,0.9,0.2,2.3,0.500,0.900,0.832
Ziaire Williams,MEM,51,20,31,20.3,8.2,27.4,16.4,1.3,2.87,2.22,0.301,0.5,0.0,1.3,0.565,0.000,1.235
Zion Williamson,NOP,69,42,27,31.6,23.0,62.9,35.3,3.9,3.71,3.20,0.366,2.9,2.8,3.8,0.688,0.515,1.192
